ts,active_sessions,cpu,io_file,io_table,lock,synch,other
1785276221.49,1,1,0,0,0,0,0
1785276221.60,0,0,0,0,0,0,0
1785276221.70,0,0,0,0,0,0,0
1785276221.81,0,0,0,0,0,0,0
1785276221.95,0,0,0,0,0,0,0
1785276222.01,0,0,0,0,0,0,0
1785276222.12,0,0,0,0,0,0,0
1785276222.22,0,0,0,0,0,0,0
1785276222.32,0,0,0,0,0,0,0
1785276222.43,0,0,0,0,0,0,0
1785276222.54,0,0,0,0,0,0,0
1785276222.64,0,0,0,0,0,0,0
1785276222.74,0,0,0,0,0,0,0
1785276222.85,0,0,0,0,0,0,0
1785276222.95,0,0,0,0,0,0,0
1785276223.05,0,0,0,0,0,0,0
1785276223.15,0,0,0,0,0,0,0
1785276223.26,0,0,0,0,0,0,0
1785276223.36,0,0,0,0,0,0,0
1785276223.47,0,0,0,0,0,0,0
1785276223.57,0,0,0,0,0,0,0
1785276223.68,3,3,0,0,0,0,0
1785276223.78,2,2,0,0,0,0,0
1785276223.88,0,0,0,0,0,0,0
1785276223.98,0,0,0,0,0,0,0
1785276224.08,1,1,0,0,0,0,0
1785276224.18,0,0,0,0,0,0,0
1785276224.28,0,0,0,0,0,0,0
1785276224.38,0,0,0,0,0,0,0
1785276224.48,0,0,0,0,0,0,0
1785276224.58,0,0,0,0,0,0,0
1785276224.68,0,0,0,0,0,0,0
1785276224.78,0,0,0,0,0,0,0
1785276224.89,1,0,0,0,0,0,1
1785276224.99,1,0,0,1,0,0,0
1785276225.09,0,0,0,0,0,0,0
1785276225.19,1,1,0,0,0,0,0
1785276225.29,0,0,0,0,0,0,0
1785276225.39,1,1,0,0,0,0,0
1785276225.49,1,1,0,0,0,0,0
1785276225.60,0,0,0,0,0,0,0
1785276225.70,0,0,0,0,0,0,0
1785276225.80,0,0,0,0,0,0,0
1785276225.90,0,0,0,0,0,0,0
1785276226.00,1,1,0,0,0,0,0
1785276226.10,0,0,0,0,0,0,0
1785276226.20,0,0,0,0,0,0,0
1785276226.30,1,1,0,0,0,0,0
1785276226.40,3,2,0,1,0,0,0
1785276226.51,2,2,0,0,0,0,0
1785276226.61,0,0,0,0,0,0,0
1785276226.71,2,1,0,0,0,0,1
1785276226.81,0,0,0,0,0,0,0
1785276226.91,2,2,0,0,0,0,0
1785276227.01,0,0,0,0,0,0,0
1785276227.11,0,0,0,0,0,0,0
1785276227.21,2,1,0,0,0,0,1
1785276227.31,1,1,0,0,0,0,0
1785276227.41,0,0,0,0,0,0,0
1785276227.51,0,0,0,0,0,0,0
1785276227.61,1,1,0,0,0,0,0
1785276227.71,1,1,0,0,0,0,0
1785276227.81,1,0,0,0,0,0,1
1785276227.91,1,1,0,0,0,0,0
1785276228.01,0,0,0,0,0,0,0
1785276228.12,0,0,0,0,0,0,0
1785276228.22,2,2,0,0,0,0,0
1785276228.32,0,0,0,0,0,0,0
1785276228.42,0,0,0,0,0,0,0
1785276228.52,0,0,0,0,0,0,0
1785276228.62,0,0,0,0,0,0,0
1785276228.72,0,0,0,0,0,0,0
1785276228.82,0,0,0,0,0,0,0
1785276228.93,0,0,0,0,0,0,0
1785276229.03,0,0,0,0,0,0,0
1785276229.13,0,0,0,0,0,0,0
1785276229.23,0,0,0,0,0,0,0
1785276229.33,0,0,0,0,0,0,0
1785276229.43,0,0,0,0,0,0,0
1785276229.53,1,1,0,0,0,0,0
1785276229.63,1,0,0,0,0,0,1
1785276229.74,1,1,0,0,0,0,0
1785276229.84,0,0,0,0,0,0,0
1785276229.94,0,0,0,0,0,0,0
1785276230.04,0,0,0,0,0,0,0
1785276230.14,1,1,0,0,0,0,0
1785276230.24,0,0,0,0,0,0,0
1785276230.34,0,0,0,0,0,0,0
1785276230.44,0,0,0,0,0,0,0
1785276230.54,0,0,0,0,0,0,0
1785276230.64,0,0,0,0,0,0,0
1785276230.74,1,0,0,0,0,0,1
1785276230.84,2,1,0,1,0,0,0
1785276230.94,2,1,0,0,0,0,1
1785276231.04,0,0,0,0,0,0,0
1785276231.15,2,2,0,0,0,0,0
1785276231.25,0,0,0,0,0,0,0
1785276231.35,1,1,0,0,0,0,0
1785276231.45,0,0,0,0,0,0,0
1785276231.55,1,0,0,0,0,0,1
1785276231.65,0,0,0,0,0,0,0
1785276231.75,2,2,0,0,0,0,0
1785276231.85,0,0,0,0,0,0,0
1785276231.95,0,0,0,0,0,0,0
1785276232.06,0,0,0,0,0,0,0
1785276232.16,1,1,0,0,0,0,0
1785276232.27,0,0,0,0,0,0,0
1785276232.37,0,0,0,0,0,0,0
1785276232.47,0,0,0,0,0,0,0
1785276232.57,0,0,0,0,0,0,0
1785276232.67,0,0,0,0,0,0,0
1785276232.77,1,1,0,0,0,0,0
1785276232.87,0,0,0,0,0,0,0
1785276232.97,0,0,0,0,0,0,0
1785276233.07,1,1,0,0,0,0,0
1785276233.17,0,0,0,0,0,0,0
1785276233.28,1,1,0,0,0,0,0
1785276233.38,2,2,0,0,0,0,0
1785276233.48,0,0,0,0,0,0,0
1785276233.58,0,0,0,0,0,0,0
1785276233.68,0,0,0,0,0,0,0
1785276233.78,1,0,0,0,0,0,1
1785276233.88,0,0,0,0,0,0,0
1785276233.98,0,0,0,0,0,0,0
1785276234.08,1,1,0,0,0,0,0
1785276234.18,4,4,0,0,0,0,0
1785276234.28,0,0,0,0,0,0,0
1785276234.39,2,1,0,1,0,0,0
1785276234.49,0,0,0,0,0,0,0
1785276234.59,0,0,0,0,0,0,0
1785276234.69,0,0,0,0,0,0,0
1785276234.79,0,0,0,0,0,0,0
1785276234.89,0,0,0,0,0,0,0
1785276234.99,2,1,0,0,0,0,1
1785276235.10,0,0,0,0,0,0,0
1785276235.20,2,2,0,0,0,0,0
1785276235.30,1,1,0,0,0,0,0
1785276235.40,0,0,0,0,0,0,0
1785276235.50,3,3,0,0,0,0,0
1785276235.60,0,0,0,0,0,0,0
1785276235.70,2,1,0,0,1,0,0
1785276235.80,0,0,0,0,0,0,0
1785276235.90,0,0,0,0,0,0,0
1785276236.00,2,0,0,0,0,0,2
1785276236.10,0,0,0,0,0,0,0
1785276236.20,0,0,0,0,0,0,0
1785276236.30,0,0,0,0,0,0,0
1785276236.40,2,2,0,0,0,0,0
1785276236.51,0,0,0,0,0,0,0
1785276236.61,1,0,0,1,0,0,0
1785276236.71,1,1,0,0,0,0,0
1785276236.81,1,0,0,0,0,0,1
1785276236.91,0,0,0,0,0,0,0
1785276237.01,1,1,0,0,0,0,0
1785276237.12,1,0,0,0,0,0,1
1785276237.22,0,0,0,0,0,0,0
1785276237.32,0,0,0,0,0,0,0
1785276237.42,1,1,0,0,0,0,0
1785276237.52,0,0,0,0,0,0,0
1785276237.62,0,0,0,0,0,0,0
1785276237.72,1,1,0,0,0,0,0
1785276237.82,0,0,0,0,0,0,0
1785276237.92,0,0,0,0,0,0,0
1785276238.02,0,0,0,0,0,0,0
1785276238.12,0,0,0,0,0,0,0
1785276238.22,0,0,0,0,0,0,0
1785276238.33,0,0,0,0,0,0,0
1785276238.43,0,0,0,0,0,0,0
1785276238.53,0,0,0,0,0,0,0
1785276238.63,1,0,0,0,0,0,1
1785276238.73,0,0,0,0,0,0,0
1785276238.83,0,0,0,0,0,0,0
1785276238.93,0,0,0,0,0,0,0
1785276239.03,0,0,0,0,0,0,0
1785276239.13,1,1,0,0,0,0,0
1785276239.23,0,0,0,0,0,0,0
1785276239.34,0,0,0,0,0,0,0
1785276239.44,0,0,0,0,0,0,0
1785276239.54,0,0,0,0,0,0,0
1785276239.64,0,0,0,0,0,0,0
1785276239.74,0,0,0,0,0,0,0
1785276239.84,0,0,0,0,0,0,0
1785276239.94,1,1,0,0,0,0,0
1785276240.05,0,0,0,0,0,0,0
1785276240.15,1,0,0,0,0,0,1
1785276240.25,0,0,0,0,0,0,0
1785276240.35,0,0,0,0,0,0,0
1785276240.45,0,0,0,0,0,0,0
1785276240.55,2,1,0,0,0,0,1
1785276240.65,1,0,0,0,0,0,1
1785276240.75,0,0,0,0,0,0,0
1785276240.86,1,1,0,0,0,0,0
1785276240.96,0,0,0,0,0,0,0
1785276241.06,2,1,0,0,1,0,0
1785276241.16,0,0,0,0,0,0,0
1785276241.26,0,0,0,0,0,0,0
1785276241.36,0,0,0,0,0,0,0
1785276241.46,0,0,0,0,0,0,0
1785276241.56,0,0,0,0,0,0,0
1785276241.66,0,0,0,0,0,0,0
1785276241.76,1,0,0,0,0,0,1
1785276241.86,0,0,0,0,0,0,0
1785276241.96,1,1,0,0,0,0,0
1785276242.06,1,0,0,0,0,0,1
1785276242.16,1,0,0,0,0,0,1
1785276242.27,0,0,0,0,0,0,0
1785276242.37,1,0,0,0,0,0,1
1785276242.47,1,0,0,0,0,0,1
1785276242.57,0,0,0,0,0,0,0
1785276242.67,0,0,0,0,0,0,0
1785276242.77,0,0,0,0,0,0,0
1785276242.87,0,0,0,0,0,0,0
1785276242.97,0,0,0,0,0,0,0
1785276243.07,0,0,0,0,0,0,0
1785276243.18,1,0,0,1,0,0,0
1785276243.28,0,0,0,0,0,0,0
1785276243.38,0,0,0,0,0,0,0
1785276243.48,0,0,0,0,0,0,0
1785276243.58,1,1,0,0,0,0,0
1785276243.68,1,1,0,0,0,0,0
1785276243.78,0,0,0,0,0,0,0
1785276243.88,0,0,0,0,0,0,0
1785276243.98,0,0,0,0,0,0,0
1785276244.08,0,0,0,0,0,0,0
1785276244.19,0,0,0,0,0,0,0
1785276244.29,0,0,0,0,0,0,0
1785276244.39,0,0,0,0,0,0,0
1785276244.49,0,0,0,0,0,0,0
1785276244.59,2,1,0,0,1,0,0
1785276244.69,0,0,0,0,0,0,0
1785276244.79,0,0,0,0,0,0,0
1785276244.89,0,0,0,0,0,0,0
1785276244.99,0,0,0,0,0,0,0
1785276245.09,0,0,0,0,0,0,0
1785276245.20,0,0,0,0,0,0,0
1785276245.30,0,0,0,0,0,0,0
1785276245.40,1,0,0,0,0,0,1
1785276245.50,1,1,0,0,0,0,0
1785276245.60,1,0,0,0,1,0,0
1785276245.71,0,0,0,0,0,0,0
1785276245.81,0,0,0,0,0,0,0
1785276245.91,3,1,0,0,0,0,2
1785276246.01,2,2,0,0,0,0,0
1785276246.11,3,2,0,0,0,0,1
1785276246.21,0,0,0,0,0,0,0
1785276246.31,0,0,0,0,0,0,0
1785276246.41,0,0,0,0,0,0,0
1785276246.51,0,0,0,0,0,0,0
1785276246.61,0,0,0,0,0,0,0
1785276246.71,0,0,0,0,0,0,0
1785276246.81,0,0,0,0,0,0,0
1785276246.91,0,0,0,0,0,0,0
1785276247.02,0,0,0,0,0,0,0
1785276247.12,0,0,0,0,0,0,0
1785276247.22,0,0,0,0,0,0,0
1785276247.32,1,1,0,0,0,0,0
1785276247.42,0,0,0,0,0,0,0
1785276247.52,1,1,0,0,0,0,0
1785276247.62,0,0,0,0,0,0,0
1785276247.72,0,0,0,0,0,0,0
1785276247.82,0,0,0,0,0,0,0
1785276247.92,0,0,0,0,0,0,0
1785276248.02,0,0,0,0,0,0,0
1785276248.12,0,0,0,0,0,0,0
1785276248.22,0,0,0,0,0,0,0
1785276248.32,0,0,0,0,0,0,0
1785276248.43,0,0,0,0,0,0,0
1785276248.53,0,0,0,0,0,0,0
1785276248.63,0,0,0,0,0,0,0
1785276248.73,1,0,0,0,0,0,1
1785276248.83,3,2,0,0,0,0,1
1785276248.93,0,0,0,0,0,0,0
1785276249.03,0,0,0,0,0,0,0
1785276249.13,0,0,0,0,0,0,0
1785276249.23,1,0,0,0,0,0,1
1785276249.33,0,0,0,0,0,0,0
1785276249.43,0,0,0,0,0,0,0
1785276249.53,1,1,0,0,0,0,0
1785276249.63,0,0,0,0,0,0,0
1785276249.73,0,0,0,0,0,0,0
1785276249.84,1,1,0,0,0,0,0
1785276249.94,0,0,0,0,0,0,0
1785276250.04,1,1,0,0,0,0,0
1785276250.14,1,1,0,0,0,0,0
1785276250.24,0,0,0,0,0,0,0
1785276250.34,0,0,0,0,0,0,0
1785276250.44,1,1,0,0,0,0,0
1785276250.54,1,0,0,0,0,0,1
1785276250.64,1,1,0,0,0,0,0
1785276250.74,0,0,0,0,0,0,0
1785276250.85,1,0,0,0,0,0,1
1785276250.95,1,1,0,0,0,0,0
1785276251.05,1,1,0,0,0,0,0
1785276251.15,0,0,0,0,0,0,0
1785276251.25,1,0,0,0,0,0,0
1785276251.35,0,0,0,0,0,0,0
1785276251.45,0,0,0,0,0,0,0
1785276251.55,0,0,0,0,0,0,0
1785276251.65,2,2,0,0,0,0,0
1785276251.75,0,0,0,0,0,0,0
1785276251.85,0,0,0,0,0,0,0
1785276251.95,0,0,0,0,0,0,0
1785276252.05,1,1,0,0,0,0,0
1785276252.15,0,0,0,0,0,0,0
1785276252.26,0,0,0,0,0,0,0
1785276252.35,0,0,0,0,0,0,0
1785276252.46,0,0,0,0,0,0,0
1785276252.56,0,0,0,0,0,0,0
1785276252.66,1,1,0,0,0,0,0
1785276252.76,0,0,0,0,0,0,0
1785276252.86,1,0,0,0,0,0,1
1785276252.96,3,2,0,1,0,0,0
1785276253.06,0,0,0,0,0,0,0
1785276253.16,2,1,0,1,0,0,0
1785276253.26,0,0,0,0,0,0,0
1785276253.36,0,0,0,0,0,0,0
1785276253.46,1,0,0,1,0,0,0
1785276253.56,0,0,0,0,0,0,0
1785276253.66,0,0,0,0,0,0,0
1785276253.76,0,0,0,0,0,0,0
1785276253.86,1,0,0,0,0,0,1
1785276253.96,0,0,0,0,0,0,0
1785276254.07,1,0,0,0,0,0,1
1785276254.17,0,0,0,0,0,0,0
1785276254.27,0,0,0,0,0,0,0
1785276254.37,0,0,0,0,0,0,0
1785276254.47,0,0,0,0,0,0,0
1785276254.57,2,0,0,2,0,0,0
1785276254.67,0,0,0,0,0,0,0
1785276254.77,1,1,0,0,0,0,0
1785276254.87,0,0,0,0,0,0,0
1785276254.97,0,0,0,0,0,0,0
1785276255.07,0,0,0,0,0,0,0
1785276255.17,0,0,0,0,0,0,0
1785276255.27,0,0,0,0,0,0,0
1785276255.37,0,0,0,0,0,0,0
1785276255.47,0,0,0,0,0,0,0
1785276255.57,1,1,0,0,0,0,0
1785276255.67,0,0,0,0,0,0,0
1785276255.77,0,0,0,0,0,0,0
1785276255.88,0,0,0,0,0,0,0
1785276255.98,0,0,0,0,0,0,0
1785276256.08,0,0,0,0,0,0,0
1785276256.18,0,0,0,0,0,0,0
1785276256.28,0,0,0,0,0,0,0
1785276256.38,0,0,0,0,0,0,0
1785276256.48,0,0,0,0,0,0,0
1785276256.58,2,1,0,0,0,1,0
1785276256.68,0,0,0,0,0,0,0
1785276256.78,0,0,0,0,0,0,0
1785276256.88,0,0,0,0,0,0,0
1785276256.99,0,0,0,0,0,0,0
1785276257.09,0,0,0,0,0,0,0
1785276257.19,1,1,0,0,0,0,0
1785276257.29,1,1,0,0,0,0,0
1785276257.39,1,1,0,0,0,0,0
1785276257.49,2,2,0,0,0,0,0
1785276257.59,1,1,0,0,0,0,0
1785276257.69,1,1,0,0,0,0,0
1785276257.79,2,1,0,0,0,0,1
1785276257.89,0,0,0,0,0,0,0
1785276258.00,1,1,0,0,0,0,0
1785276258.10,0,0,0,0,0,0,0
1785276258.20,0,0,0,0,0,0,0
1785276258.30,0,0,0,0,0,0,0
1785276258.40,0,0,0,0,0,0,0
1785276258.50,0,0,0,0,0,0,0
1785276258.60,1,0,0,0,0,0,1
1785276258.70,0,0,0,0,0,0,0
1785276258.80,0,0,0,0,0,0,0
1785276258.90,0,0,0,0,0,0,0
1785276259.00,0,0,0,0,0,0,0
1785276259.10,0,0,0,0,0,0,0
1785276259.20,0,0,0,0,0,0,0
1785276259.30,0,0,0,0,0,0,0
1785276259.40,2,0,0,0,0,0,2
1785276259.51,1,0,0,1,0,0,0
1785276259.61,0,0,0,0,0,0,0
1785276259.71,0,0,0,0,0,0,0
1785276259.81,1,1,0,0,0,0,0
1785276259.91,1,0,0,1,0,0,0
1785276260.01,1,1,0,0,0,0,0
1785276260.11,1,1,0,0,0,0,0
1785276260.21,0,0,0,0,0,0,0
1785276260.31,0,0,0,0,0,0,0
1785276260.41,0,0,0,0,0,0,0
1785276260.51,4,3,0,0,0,0,1
1785276260.61,2,2,0,0,0,0,0
1785276260.71,0,0,0,0,0,0,0
1785276260.81,1,1,0,0,0,0,0
1785276260.92,0,0,0,0,0,0,0
1785276261.02,2,1,0,0,0,0,1
1785276261.12,0,0,0,0,0,0,0
1785276261.22,0,0,0,0,0,0,0
1785276261.32,0,0,0,0,0,0,0
1785276261.42,0,0,0,0,0,0,0
1785276261.52,1,1,0,0,0,0,0
1785276261.62,0,0,0,0,0,0,0
1785276261.72,0,0,0,0,0,0,0
1785276261.82,0,0,0,0,0,0,0
1785276261.92,1,1,0,0,0,0,0
1785276262.02,1,1,0,0,0,0,0
1785276262.12,0,0,0,0,0,0,0
1785276262.23,4,3,0,0,0,0,1
1785276262.33,0,0,0,0,0,0,0
1785276262.43,1,0,0,0,0,0,1
1785276262.53,0,0,0,0,0,0,0
1785276262.63,0,0,0,0,0,0,0
1785276262.73,0,0,0,0,0,0,0
1785276262.83,1,1,0,0,0,0,0
1785276262.93,0,0,0,0,0,0,0
1785276263.03,0,0,0,0,0,0,0
1785276263.13,3,2,0,0,0,0,1
1785276263.23,2,2,0,0,0,0,0
1785276263.33,1,1,0,0,0,0,0
1785276263.44,1,0,0,0,0,0,1
1785276263.54,0,0,0,0,0,0,0
1785276263.64,1,1,0,0,0,0,0
1785276263.74,0,0,0,0,0,0,0
1785276263.84,2,1,0,1,0,0,0
1785276263.94,0,0,0,0,0,0,0
1785276264.04,0,0,0,0,0,0,0
1785276264.14,1,1,0,0,0,0,0
1785276264.24,0,0,0,0,0,0,0
1785276264.34,1,0,0,0,0,0,1
1785276264.45,0,0,0,0,0,0,0
1785276264.55,1,1,0,0,0,0,0
1785276264.65,0,0,0,0,0,0,0
1785276264.75,0,0,0,0,0,0,0
1785276264.85,1,1,0,0,0,0,0
1785276264.95,1,0,0,0,0,0,1
1785276265.05,0,0,0,0,0,0,0
1785276265.15,0,0,0,0,0,0,0
1785276265.25,1,1,0,0,0,0,0
1785276265.35,0,0,0,0,0,0,0
1785276265.45,0,0,0,0,0,0,0
1785276265.55,1,1,0,0,0,0,0
1785276265.65,0,0,0,0,0,0,0
1785276265.75,1,0,0,0,0,0,1
1785276265.85,0,0,0,0,0,0,0
1785276265.95,1,1,0,0,0,0,0
1785276266.06,0,0,0,0,0,0,0
1785276266.16,0,0,0,0,0,0,0
1785276266.26,0,0,0,0,0,0,0
1785276266.36,0,0,0,0,0,0,0
1785276266.46,0,0,0,0,0,0,0
1785276266.56,1,0,0,0,0,0,1
1785276266.66,0,0,0,0,0,0,0
1785276266.76,0,0,0,0,0,0,0
1785276266.86,2,2,0,0,0,0,0
1785276266.96,0,0,0,0,0,0,0
1785276267.06,0,0,0,0,0,0,0
1785276267.17,3,3,0,0,0,0,0
1785276267.27,1,0,0,0,0,0,1
1785276267.37,0,0,0,0,0,0,0
1785276267.47,1,1,0,0,0,0,0
1785276267.57,3,1,0,0,0,0,2
1785276267.67,1,1,0,0,0,0,0
1785276267.77,2,1,0,0,0,0,1
1785276267.87,3,2,0,0,0,0,1
1785276267.97,1,1,0,0,0,0,0
1785276268.08,1,0,0,0,1,0,0
1785276268.18,0,0,0,0,0,0,0
1785276268.28,0,0,0,0,0,0,0
1785276268.38,0,0,0,0,0,0,0
1785276268.48,0,0,0,0,0,0,0
1785276268.58,0,0,0,0,0,0,0
1785276268.68,1,0,0,0,0,0,1
1785276268.78,1,1,0,0,0,0,0
1785276268.88,1,1,0,0,0,0,0
1785276268.98,1,1,0,0,0,0,0
1785276269.08,3,1,0,0,0,0,2
1785276269.19,0,0,0,0,0,0,0
1785276269.29,0,0,0,0,0,0,0
1785276269.39,0,0,0,0,0,0,0
1785276269.49,0,0,0,0,0,0,0
1785276269.59,0,0,0,0,0,0,0
1785276269.69,1,0,0,0,0,0,1
1785276269.79,0,0,0,0,0,0,0
1785276269.89,1,0,0,1,0,0,0
1785276269.99,0,0,0,0,0,0,0
1785276270.09,0,0,0,0,0,0,0
1785276270.19,1,1,0,0,0,0,0
1785276270.29,1,1,0,0,0,0,0
1785276270.40,1,0,0,0,0,0,1
1785276270.50,0,0,0,0,0,0,0
1785276270.60,1,1,0,0,0,0,0
1785276270.70,3,1,0,0,0,0,2
1785276270.80,0,0,0,0,0,0,0
1785276270.90,1,1,0,0,0,0,0
1785276271.00,0,0,0,0,0,0,0
1785276271.10,0,0,0,0,0,0,0
1785276271.20,2,1,0,1,0,0,0
1785276271.30,0,0,0,0,0,0,0
1785276271.40,1,1,0,0,0,0,0
1785276271.50,0,0,0,0,0,0,0
1785276271.60,0,0,0,0,0,0,0
1785276271.70,0,0,0,0,0,0,0
1785276271.80,0,0,0,0,0,0,0
1785276271.90,0,0,0,0,0,0,0
1785276272.01,1,0,0,1,0,0,0
1785276272.10,0,0,0,0,0,0,0
1785276272.21,1,1,0,0,0,0,0
1785276272.31,1,1,0,0,0,0,0
1785276272.41,1,1,0,0,0,0,0
1785276272.51,1,1,0,0,0,0,0
1785276272.61,0,0,0,0,0,0,0
1785276272.71,3,1,0,0,0,0,1
1785276272.81,1,0,0,1,0,0,0
1785276272.91,0,0,0,0,0,0,0
1785276273.01,2,2,0,0,0,0,0
1785276273.11,1,1,0,0,0,0,0
1785276273.22,2,2,0,0,0,0,0
1785276273.32,0,0,0,0,0,0,0
1785276273.42,1,1,0,0,0,0,0
1785276273.52,1,1,0,0,0,0,0
1785276273.62,0,0,0,0,0,0,0
1785276273.72,0,0,0,0,0,0,0
1785276273.82,0,0,0,0,0,0,0
1785276273.92,1,0,0,0,0,0,1
1785276274.02,0,0,0,0,0,0,0
1785276274.13,0,0,0,0,0,0,0
1785276274.22,1,0,0,1,0,0,0
1785276274.32,0,0,0,0,0,0,0
1785276274.43,2,2,0,0,0,0,0
1785276274.53,1,0,0,0,0,0,1
1785276274.63,1,1,0,0,0,0,0
1785276274.73,0,0,0,0,0,0,0
1785276274.83,0,0,0,0,0,0,0
1785276274.93,0,0,0,0,0,0,0
1785276275.03,1,0,0,1,0,0,0
1785276275.13,0,0,0,0,0,0,0
1785276275.24,0,0,0,0,0,0,0
1785276275.34,0,0,0,0,0,0,0
1785276275.44,0,0,0,0,0,0,0
1785276275.54,0,0,0,0,0,0,0
1785276275.64,0,0,0,0,0,0,0
1785276275.74,1,1,0,0,0,0,0
1785276275.84,0,0,0,0,0,0,0
1785276275.94,0,0,0,0,0,0,0
1785276276.04,0,0,0,0,0,0,0
1785276276.14,3,3,0,0,0,0,0
1785276276.24,0,0,0,0,0,0,0
1785276276.35,0,0,0,0,0,0,0
1785276276.45,2,2,0,0,0,0,0
1785276276.55,0,0,0,0,0,0,0
1785276276.65,0,0,0,0,0,0,0
1785276276.75,0,0,0,0,0,0,0
1785276276.85,1,1,0,0,0,0,0
1785276276.95,0,0,0,0,0,0,0
1785276277.05,1,1,0,0,0,0,0
1785276277.15,0,0,0,0,0,0,0
1785276277.25,0,0,0,0,0,0,0
1785276277.35,0,0,0,0,0,0,0
1785276277.46,1,0,0,1,0,0,0
1785276277.56,0,0,0,0,0,0,0
1785276277.66,0,0,0,0,0,0,0
1785276277.76,1,1,0,0,0,0,0
1785276277.86,1,0,0,0,0,0,1
1785276277.96,0,0,0,0,0,0,0
1785276278.06,0,0,0,0,0,0,0
1785276278.16,0,0,0,0,0,0,0
1785276278.26,1,1,0,0,0,0,0
1785276278.36,0,0,0,0,0,0,0
1785276278.46,0,0,0,0,0,0,0
1785276278.56,0,0,0,0,0,0,0
1785276278.66,0,0,0,0,0,0,0
1785276278.77,0,0,0,0,0,0,0
1785276278.87,0,0,0,0,0,0,0
1785276278.97,0,0,0,0,0,0,0
1785276279.07,1,0,0,0,0,0,1
1785276279.17,0,0,0,0,0,0,0
1785276279.27,2,1,0,1,0,0,0
1785276279.37,1,0,0,1,0,0,0
1785276279.47,4,1,0,0,0,0,3
1785276279.57,1,1,0,0,0,0,0
1785276279.68,0,0,0,0,0,0,0
1785276279.78,1,0,0,0,0,0,1
1785276279.88,0,0,0,0,0,0,0
1785276279.98,0,0,0,0,0,0,0
1785276280.08,0,0,0,0,0,0,0
1785276280.18,0,0,0,0,0,0,0
1785276280.28,0,0,0,0,0,0,0
1785276280.38,2,1,0,0,0,0,1
1785276280.48,2,0,0,0,0,0,2
1785276280.59,0,0,0,0,0,0,0
1785276280.69,0,0,0,0,0,0,0
1785276280.79,1,1,0,0,0,0,0
1785276280.89,0,0,0,0,0,0,0
1785276280.99,1,1,0,0,0,0,0
1785276281.09,0,0,0,0,0,0,0
1785276281.19,0,0,0,0,0,0,0
1785276281.29,0,0,0,0,0,0,0
1785276281.39,0,0,0,0,0,0,0
1785276281.50,1,0,0,0,0,0,1
1785276281.60,0,0,0,0,0,0,0
1785276281.70,0,0,0,0,0,0,0
1785276281.80,3,0,0,2,0,0,1
1785276281.90,0,0,0,0,0,0,0
1785276282.00,0,0,0,0,0,0,0
1785276282.10,0,0,0,0,0,0,0
1785276282.20,0,0,0,0,0,0,0
1785276282.30,0,0,0,0,0,0,0
1785276282.41,1,0,0,0,0,0,1
1785276282.51,0,0,0,0,0,0,0
1785276282.61,1,1,0,0,0,0,0
1785276282.71,1,0,0,0,0,0,1
1785276282.81,0,0,0,0,0,0,0
1785276282.92,0,0,0,0,0,0,0
1785276283.02,0,0,0,0,0,0,0
1785276283.12,1,1,0,0,0,0,0
1785276283.22,1,0,0,0,0,0,1
1785276283.32,0,0,0,0,0,0,0
1785276283.42,0,0,0,0,0,0,0
1785276283.52,7,1,0,6,0,0,0
1785276283.62,8,1,0,7,0,0,0
1785276283.72,8,0,1,7,0,0,0
1785276283.82,8,0,1,7,0,0,0
1785276283.92,7,1,0,6,0,0,0
1785276284.02,8,0,1,7,0,0,0
1785276284.13,7,1,0,6,0,0,0
1785276284.23,8,0,1,7,0,0,0
1785276284.33,7,0,1,6,0,0,0
1785276284.44,8,0,1,7,0,0,0
1785276284.54,8,0,1,7,0,0,0
1785276284.64,7,1,0,6,0,0,0
1785276284.74,8,0,1,7,0,0,0
1785276284.84,8,0,1,7,0,0,0
1785276284.95,8,0,1,7,0,0,0
1785276285.05,8,0,1,7,0,0,0
1785276285.15,8,0,1,7,0,0,0
1785276285.25,7,1,0,6,0,0,0
1785276285.35,8,0,1,7,0,0,0
1785276285.46,8,0,1,7,0,0,0
1785276285.56,8,0,1,7,0,0,0
1785276285.66,8,0,1,7,0,0,0
1785276285.76,8,0,1,7,0,0,0
1785276285.86,8,0,1,7,0,0,0
1785276285.96,8,0,1,7,0,0,0
1785276286.06,8,0,1,7,0,0,0
1785276286.16,8,0,1,7,0,0,0
1785276286.27,8,0,1,7,0,0,0
1785276286.37,8,0,1,7,0,0,0
1785276286.47,8,0,1,7,0,0,0
1785276286.58,8,0,1,7,0,0,0
1785276286.68,8,0,1,7,0,0,0
1785276286.78,8,0,1,7,0,0,0
1785276286.88,8,0,1,7,0,0,0
1785276286.98,7,1,0,6,0,0,0
1785276287.09,7,1,0,6,0,0,0
1785276287.19,7,0,0,7,0,0,0
1785276287.29,8,0,0,7,0,0,1
1785276287.40,8,0,1,7,0,0,0
1785276287.50,8,0,1,7,0,0,0
1785276287.60,8,0,1,7,0,0,0
1785276287.70,7,0,1,6,0,0,0
1785276287.80,7,0,1,6,0,0,0
1785276287.91,8,0,1,7,0,0,0
1785276288.01,7,1,0,6,0,0,0
1785276288.11,7,1,0,6,0,0,0
1785276288.22,7,0,1,6,0,0,0
1785276288.32,7,1,0,6,0,0,0
1785276288.42,8,0,1,7,0,0,0
1785276288.52,7,1,0,6,0,0,0
1785276288.63,7,0,1,6,0,0,0
1785276288.73,8,0,1,7,0,0,0
1785276288.83,8,0,1,7,0,0,0
1785276288.93,8,0,1,7,0,0,0
1785276289.04,8,0,1,7,0,0,0
1785276289.14,7,1,0,6,0,0,0
1785276289.24,7,1,0,6,0,0,0
1785276289.34,8,0,1,7,0,0,0
1785276289.44,8,0,1,7,0,0,0
1785276289.54,8,0,1,7,0,0,0
1785276289.65,7,0,1,6,0,0,0
1785276289.75,8,0,1,7,0,0,0
1785276289.85,8,0,1,7,0,0,0
1785276289.96,7,1,0,6,0,0,0
1785276290.06,8,0,0,7,0,0,1
1785276290.16,8,0,1,7,0,0,0
1785276290.26,7,1,0,6,0,0,0
1785276290.37,8,0,1,7,0,0,0
1785276290.47,8,0,1,7,0,0,0
1785276290.58,7,1,0,6,0,0,0
1785276290.68,7,1,0,6,0,0,0
1785276290.78,7,1,0,6,0,0,0
1785276290.88,8,0,1,7,0,0,0
1785276290.98,8,0,1,7,0,0,0
1785276291.08,8,0,1,7,0,0,0
1785276291.19,8,0,1,7,0,0,0
1785276291.29,7,1,0,6,0,0,0
1785276291.39,8,0,1,7,0,0,0
1785276291.49,8,0,1,7,0,0,0
1785276291.59,8,0,1,7,0,0,0
1785276291.69,8,0,1,7,0,0,0
1785276291.80,7,1,0,6,0,0,0
1785276291.90,8,0,1,7,0,0,0
1785276292.00,8,0,1,7,0,0,0
1785276292.10,8,0,1,7,0,0,0
1785276292.21,8,0,1,7,0,0,0
1785276292.31,8,0,1,7,0,0,0
1785276292.41,8,0,1,7,0,0,0
1785276292.51,8,1,0,7,0,0,0
1785276292.61,8,0,1,7,0,0,0
1785276292.71,8,0,1,7,0,0,0
1785276292.82,8,0,1,7,0,0,0
1785276292.92,7,0,1,6,0,0,0
1785276293.02,7,1,0,6,0,0,0
1785276293.12,8,0,1,7,0,0,0
1785276293.22,8,0,1,7,0,0,0
1785276293.32,8,0,1,7,0,0,0
1785276293.42,8,0,1,7,0,0,0
1785276293.53,7,1,0,6,0,0,0
1785276293.63,8,0,1,7,0,0,0
1785276293.73,8,0,1,7,0,0,0
1785276293.83,8,0,1,7,0,0,0
1785276293.93,7,1,0,6,0,0,0
1785276294.03,8,0,1,7,0,0,0
1785276294.14,8,0,1,7,0,0,0
1785276294.24,8,0,1,7,0,0,0
1785276294.34,8,0,1,7,0,0,0
1785276294.44,8,0,1,7,0,0,0
1785276294.54,8,1,1,6,0,0,0
1785276294.65,7,0,1,6,0,0,0
1785276294.76,7,0,1,6,0,0,0
1785276294.86,8,1,0,7,0,0,0
1785276294.97,8,0,1,7,0,0,0
1785276295.07,8,0,1,7,0,0,0
1785276295.17,7,1,0,6,0,0,0
1785276295.27,7,1,0,6,0,0,0
1785276295.37,8,0,1,7,0,0,0
1785276295.48,8,0,1,7,0,0,0
1785276295.58,7,1,0,6,0,0,0
1785276295.68,8,0,1,7,0,0,0
1785276295.78,7,0,1,6,0,0,0
1785276295.88,8,0,1,7,0,0,0
1785276295.99,8,0,1,7,0,0,0
1785276296.09,7,1,0,6,0,0,0
1785276296.19,8,0,1,7,0,0,0
1785276296.29,8,1,0,6,0,0,1
1785276296.39,8,0,1,7,0,0,0
1785276296.49,7,0,1,6,0,0,0
1785276296.59,8,0,1,7,0,0,0
1785276296.69,8,0,1,7,0,0,0
1785276296.80,8,1,1,6,0,0,0
1785276296.90,7,1,0,6,0,0,0
1785276297.00,7,0,1,6,0,0,0
1785276297.10,8,0,1,7,0,0,0
1785276297.20,7,1,0,6,0,0,0
1785276297.31,8,0,1,7,0,0,0
1785276297.41,8,1,0,7,0,0,0
1785276297.51,8,0,1,7,0,0,0
1785276297.61,8,1,0,7,0,0,0
1785276297.71,8,0,1,7,0,0,0
1785276297.81,7,1,0,6,0,0,0
1785276297.91,8,0,1,7,0,0,0
1785276298.03,7,0,1,6,0,0,0
1785276298.12,8,0,1,7,0,0,0
1785276298.22,8,0,1,7,0,0,0
1785276298.32,8,0,1,7,0,0,0
1785276298.43,8,0,1,7,0,0,0
1785276298.53,8,0,1,7,0,0,0
1785276298.63,8,0,1,7,0,0,0
1785276298.73,7,0,0,7,0,0,0
1785276298.83,8,0,1,7,0,0,0
1785276298.94,7,1,0,6,0,0,0
1785276299.04,8,0,1,7,0,0,0
1785276299.14,8,0,1,7,0,0,0
1785276299.24,8,0,1,7,0,0,0
1785276299.34,8,0,1,7,0,0,0
1785276299.44,8,0,1,7,0,0,0
1785276299.55,8,0,1,7,0,0,0
1785276299.65,7,1,0,6,0,0,0
1785276299.75,8,1,0,7,0,0,0
1785276299.85,7,1,0,6,0,0,0
1785276299.95,8,0,1,7,0,0,0
1785276300.06,8,1,0,7,0,0,0
1785276300.16,8,0,1,7,0,0,0
1785276300.26,7,1,0,6,0,0,0
1785276300.36,8,0,1,7,0,0,0
1785276300.47,7,1,0,6,0,0,0
1785276300.57,8,0,1,7,0,0,0
1785276300.67,8,0,1,7,0,0,0
1785276300.77,8,0,1,7,0,0,0
1785276300.87,7,1,0,6,0,0,0
1785276300.98,8,0,1,7,0,0,0
1785276301.08,7,1,0,6,0,0,0
1785276301.18,7,1,0,6,0,0,0
1785276301.28,8,0,1,7,0,0,0
1785276301.38,8,0,1,7,0,0,0
1785276301.48,8,0,1,7,0,0,0
1785276301.58,8,0,1,7,0,0,0
1785276301.68,8,0,1,7,0,0,0
1785276301.78,8,0,1,7,0,0,0
1785276301.89,8,0,1,7,0,0,0
1785276301.99,7,1,0,6,0,0,0
1785276302.09,8,0,1,7,0,0,0
1785276302.19,8,0,1,7,0,0,0
1785276302.29,7,1,0,6,0,0,0
1785276302.40,7,1,0,6,0,0,0
1785276302.50,8,1,0,6,0,0,1
1785276302.61,8,0,1,7,0,0,0
1785276302.71,8,0,1,7,0,0,0
1785276302.81,8,0,1,7,0,0,0
1785276302.91,7,1,0,6,0,0,0
1785276303.02,7,1,0,6,0,0,0
1785276303.12,8,0,1,7,0,0,0
1785276303.22,8,0,1,7,0,0,0
1785276303.32,7,1,0,6,0,0,0
1785276303.42,7,1,0,6,0,0,0
1785276303.53,8,0,1,7,0,0,0
1785276303.63,7,1,0,6,0,0,0
1785276303.74,7,1,0,6,0,0,0
1785276303.84,8,0,1,7,0,0,0
1785276303.94,8,0,1,7,0,0,0
1785276304.05,7,1,0,6,0,0,0
1785276304.15,8,0,1,7,0,0,0
1785276304.28,3,2,0,1,0,0,0
1785276304.38,8,0,1,7,0,0,0
1785276304.48,8,0,1,7,0,0,0
1785276304.59,8,0,0,7,0,0,1
1785276304.69,8,0,1,7,0,0,0
1785276304.79,8,0,1,7,0,0,0
1785276304.90,8,1,0,7,0,0,0
1785276305.00,7,1,0,6,0,0,0
1785276305.10,8,0,1,7,0,0,0
1785276305.21,8,0,1,7,0,0,0
1785276305.31,8,0,1,7,0,0,0
1785276305.41,8,0,1,7,0,0,0
1785276305.51,8,0,1,7,0,0,0
1785276305.61,8,0,1,7,0,0,0
1785276305.72,8,0,1,7,0,0,0
1785276305.82,8,0,1,7,0,0,0
1785276305.92,7,1,0,6,0,0,0
1785276306.02,8,0,1,7,0,0,0
1785276306.13,8,0,1,7,0,0,0
1785276306.23,7,0,0,7,0,0,0
1785276306.33,7,1,0,6,0,0,0
1785276306.44,7,1,0,6,0,0,0
1785276306.54,8,0,1,7,0,0,0
1785276306.64,8,0,1,7,0,0,0
1785276306.74,8,0,1,7,0,0,0
1785276306.84,8,0,1,7,0,0,0
1785276306.95,8,1,0,7,0,0,0
1785276307.05,8,0,1,7,0,0,0
1785276307.15,7,1,0,6,0,0,0
1785276307.25,8,0,1,7,0,0,0
1785276307.36,8,0,1,7,0,0,0
1785276307.46,8,0,1,7,0,0,0
1785276307.56,8,0,1,7,0,0,0
1785276307.67,7,1,0,6,0,0,0
1785276307.77,8,0,1,7,0,0,0
1785276307.87,8,0,1,7,0,0,0
1785276307.97,8,0,1,7,0,0,0
1785276308.07,8,0,1,7,0,0,0
1785276308.18,8,0,1,7,0,0,0
1785276308.28,7,1,0,6,0,0,0
1785276308.39,7,1,0,6,0,0,0
1785276308.49,8,1,0,6,0,0,1
1785276308.59,7,1,0,6,0,0,0
1785276308.70,8,1,0,7,0,0,0
1785276308.80,8,0,1,7,0,0,0
1785276308.90,7,0,1,6,0,0,0
1785276309.01,7,1,0,6,0,0,0
1785276309.11,8,0,1,7,0,0,0
1785276309.21,7,1,0,6,0,0,0
1785276309.32,8,0,1,7,0,0,0
1785276309.42,8,0,1,7,0,0,0
1785276309.52,7,1,0,6,0,0,0
1785276309.62,7,1,0,6,0,0,0
1785276309.73,7,1,0,6,0,0,0
1785276309.83,8,0,1,7,0,0,0
1785276309.93,7,1,0,6,0,0,0
1785276310.03,8,0,1,7,0,0,0
1785276310.14,7,1,0,6,0,0,0
1785276310.24,8,1,1,6,0,0,0
1785276310.34,8,0,1,7,0,0,0
1785276310.45,8,0,1,7,0,0,0
1785276310.55,8,0,1,7,0,0,0
1785276310.65,8,0,1,7,0,0,0
1785276310.76,8,0,1,7,0,0,0
1785276310.86,7,1,0,6,0,0,0
1785276310.96,8,0,1,7,0,0,0
1785276311.06,7,1,0,6,0,0,0
1785276311.16,8,0,1,7,0,0,0
1785276311.27,8,0,1,7,0,0,0
1785276311.37,8,0,1,7,0,0,0
1785276311.47,8,1,1,6,0,0,0
1785276311.57,8,2,0,6,0,0,0
1785276311.67,8,0,1,7,0,0,0
1785276311.78,8,0,1,7,0,0,0
1785276311.88,7,1,0,6,0,0,0
1785276311.99,8,0,1,7,0,0,0
1785276312.09,7,0,1,6,0,0,0
1785276312.19,8,0,1,7,0,0,0
1785276312.29,8,0,1,7,0,0,0
1785276312.39,7,1,0,6,0,0,0
1785276312.49,8,0,1,7,0,0,0
1785276312.59,8,0,1,7,0,0,0
1785276312.69,8,0,1,7,0,0,0
1785276312.79,8,0,1,7,0,0,0
1785276312.89,7,1,0,6,0,0,0
1785276313.00,8,0,1,7,0,0,0
1785276313.10,8,0,1,7,0,0,0
1785276313.21,8,0,1,7,0,0,0
1785276313.31,8,0,1,7,0,0,0
1785276313.41,7,1,0,6,0,0,0
1785276313.51,8,0,1,7,0,0,0
1785276313.62,8,0,1,7,0,0,0
1785276313.72,8,0,1,7,0,0,0
1785276313.82,8,0,1,7,0,0,0
1785276313.92,7,1,0,6,0,0,0
1785276314.02,8,0,1,7,0,0,0
1785276314.13,8,0,1,7,0,0,0
1785276314.23,8,0,1,7,0,0,0
1785276314.33,8,0,1,7,0,0,0
1785276314.43,8,0,1,7,0,0,0
1785276314.53,8,0,1,7,0,0,0
1785276314.64,7,1,0,6,0,0,0
1785276314.74,7,1,0,6,0,0,0
1785276314.84,8,0,1,7,0,0,0
1785276314.94,8,0,1,7,0,0,0
1785276315.05,8,0,1,7,0,0,0
1785276315.15,7,0,1,6,0,0,0
1785276315.26,8,0,1,7,0,0,0
1785276315.36,8,0,1,7,0,0,0
1785276315.46,8,0,1,7,0,0,0
1785276315.56,8,0,1,7,0,0,0
1785276315.67,8,0,1,7,0,0,0
1785276315.77,8,0,1,7,0,0,0
1785276315.87,7,0,1,6,0,0,0
1785276315.98,8,0,1,7,0,0,0
1785276316.08,8,0,1,7,0,0,0
1785276316.18,7,0,1,6,0,0,0
1785276316.28,7,1,0,6,0,0,0
1785276316.39,8,0,1,7,0,0,0
1785276316.49,8,0,1,7,0,0,0
1785276316.60,7,1,0,6,0,0,0
1785276316.70,8,0,1,7,0,0,0
1785276316.80,8,0,1,7,0,0,0
1785276316.90,7,1,0,6,0,0,0
1785276317.00,8,0,1,7,0,0,0
1785276317.11,8,0,1,7,0,0,0
1785276317.21,7,1,0,6,0,0,0
1785276317.31,8,0,1,7,0,0,0
1785276317.41,8,0,1,7,0,0,0
1785276317.51,8,0,1,7,0,0,0
1785276317.61,7,1,0,6,0,0,0
1785276317.71,8,1,0,6,0,0,1
1785276317.82,8,0,1,7,0,0,0
1785276317.92,8,1,0,7,0,0,0
1785276318.02,8,0,1,7,0,0,0
1785276318.12,8,0,1,7,0,0,0
1785276318.22,8,0,1,7,0,0,0
1785276318.32,8,0,1,7,0,0,0
1785276318.42,8,0,1,7,0,0,0
1785276318.53,8,0,1,7,0,0,0
1785276318.63,8,0,1,7,0,0,0
1785276318.73,8,0,1,7,0,0,0
1785276318.83,8,0,1,7,0,0,0
1785276318.93,8,0,1,7,0,0,0
1785276319.03,8,0,1,7,0,0,0
1785276319.13,8,0,1,7,0,0,0
1785276319.24,7,0,1,6,0,0,0
1785276319.34,8,0,1,7,0,0,0
1785276319.44,7,0,1,6,0,0,0
1785276319.54,7,1,0,6,0,0,0
1785276319.64,8,0,1,7,0,0,0
1785276319.74,8,0,1,7,0,0,0
1785276319.84,8,0,1,7,0,0,0
1785276319.94,8,0,1,7,0,0,0
1785276320.04,7,1,0,6,0,0,0
1785276320.15,7,1,0,6,0,0,0
1785276320.25,8,0,1,7,0,0,0
1785276320.35,8,0,1,7,0,0,0
1785276320.45,7,1,0,6,0,0,0
1785276320.56,8,0,1,7,0,0,0
1785276320.66,8,0,1,7,0,0,0
1785276320.76,8,0,1,7,0,0,0
1785276320.86,7,1,0,6,0,0,0
1785276320.96,8,0,1,7,0,0,0
1785276321.06,8,1,1,6,0,0,0
1785276321.17,7,1,0,6,0,0,0
1785276321.27,8,0,1,7,0,0,0
1785276321.37,8,0,1,7,0,0,0
1785276321.47,7,0,1,6,0,0,0
1785276321.57,8,0,1,7,0,0,0
1785276321.68,8,0,1,7,0,0,0
1785276321.78,8,0,1,7,0,0,0
1785276321.88,8,0,1,7,0,0,0
1785276321.98,7,1,0,6,0,0,0
1785276322.08,7,1,0,6,0,0,0
1785276322.19,8,0,1,7,0,0,0
1785276322.29,8,0,1,7,0,0,0
1785276322.39,7,0,1,6,0,0,0
1785276322.49,8,1,0,7,0,0,0
1785276322.59,8,0,1,7,0,0,0
1785276322.69,8,0,1,7,0,0,0
1785276322.79,8,0,1,7,0,0,0
1785276322.90,7,1,0,6,0,0,0
1785276323.00,7,1,0,6,0,0,0
1785276323.10,7,1,0,6,0,0,0
1785276323.20,7,1,0,6,0,0,0
1785276323.31,8,1,0,7,0,0,0
1785276323.41,7,1,0,6,0,0,0
1785276323.51,8,0,1,7,0,0,0
1785276323.61,8,0,1,7,0,0,0
1785276323.71,8,0,1,7,0,0,0
1785276323.81,8,0,1,7,0,0,0
1785276323.91,8,0,1,7,0,0,0
1785276324.02,7,0,0,7,0,0,0
1785276324.12,8,0,1,7,0,0,0
1785276324.22,8,0,1,7,0,0,0
1785276324.32,7,1,0,6,0,0,0
1785276324.42,8,0,1,7,0,0,0
1785276324.52,8,0,1,7,0,0,0
1785276324.63,8,0,1,7,0,0,0
1785276324.73,8,0,1,7,0,0,0
1785276324.83,8,0,1,7,0,0,0
1785276324.93,8,0,1,7,0,0,0
1785276325.03,8,0,1,7,0,0,0
1785276325.14,8,0,1,7,0,0,0
1785276325.24,8,0,1,7,0,0,0
1785276325.34,8,0,1,7,0,0,0
1785276325.44,8,0,1,7,0,0,0
1785276325.54,8,0,1,7,0,0,0
1785276325.64,8,0,1,7,0,0,0
1785276325.74,8,0,1,7,0,0,0
1785276325.85,7,1,0,6,0,0,0
1785276325.95,8,0,1,7,0,0,0
1785276326.06,8,0,1,7,0,0,0
1785276326.16,8,0,1,7,0,0,0
1785276326.26,8,0,1,7,0,0,0
1785276326.36,7,1,0,6,0,0,0
1785276326.46,8,0,1,7,0,0,0
1785276326.56,8,0,1,7,0,0,0
1785276326.67,8,0,1,7,0,0,0
1785276326.77,8,0,1,7,0,0,0
1785276326.87,8,0,1,7,0,0,0
1785276326.97,7,1,0,6,0,0,0
1785276327.07,8,1,1,6,0,0,0
1785276327.18,7,1,0,6,0,0,0
1785276327.28,8,0,1,7,0,0,0
1785276327.38,8,0,1,7,0,0,0
1785276327.48,8,0,1,7,0,0,0
1785276327.58,8,0,1,7,0,0,0
1785276327.69,8,0,1,7,0,0,0
1785276327.79,8,0,1,7,0,0,0
1785276327.89,8,0,1,7,0,0,0
1785276327.99,7,1,0,6,0,0,0
1785276328.09,8,0,1,7,0,0,0
1785276328.20,7,1,0,6,0,0,0
1785276328.30,8,0,1,7,0,0,0
1785276328.40,8,0,1,7,0,0,0
1785276328.50,8,2,0,6,0,0,0
1785276328.60,8,0,1,7,0,0,0
1785276328.71,8,0,1,7,0,0,0
1785276328.81,8,0,1,7,0,0,0
1785276328.91,7,1,0,6,0,0,0
1785276329.01,8,0,1,7,0,0,0
1785276329.11,8,0,1,7,0,0,0
1785276329.22,7,1,0,6,0,0,0
1785276329.32,8,0,1,7,0,0,0
1785276329.42,8,0,1,7,0,0,0
1785276329.52,8,2,0,6,0,0,0
1785276329.62,8,0,1,7,0,0,0
1785276329.72,8,0,1,7,0,0,0
1785276329.83,7,0,1,6,0,0,0
1785276329.93,8,0,1,7,0,0,0
1785276330.03,8,0,1,7,0,0,0
1785276330.13,7,1,0,6,0,0,0
1785276330.23,8,0,1,7,0,0,0
1785276330.34,8,0,1,7,0,0,0
1785276330.44,8,0,1,7,0,0,0
1785276330.54,7,1,0,6,0,0,0
1785276330.64,8,0,1,7,0,0,0
1785276330.74,8,0,1,7,0,0,0
1785276330.84,8,0,1,7,0,0,0
1785276330.95,7,1,0,6,0,0,0
1785276331.05,8,0,1,7,0,0,0
1785276331.15,8,0,1,7,0,0,0
1785276331.28,8,1,0,6,1,0,0
1785276331.36,8,0,1,7,0,0,0
1785276331.46,7,1,0,6,0,0,0
1785276331.56,8,0,1,7,0,0,0
1785276331.67,8,0,1,7,0,0,0
1785276331.77,8,0,1,7,0,0,0
1785276331.87,8,0,1,7,0,0,0
1785276331.97,8,0,1,7,0,0,0
1785276332.07,8,0,1,7,0,0,0
1785276332.17,8,0,1,7,0,0,0
1785276332.27,8,0,1,7,0,0,0
1785276332.38,7,1,0,6,0,0,0
1785276332.48,8,0,1,7,0,0,0
1785276332.58,8,0,1,7,0,0,0
1785276332.68,8,0,1,7,0,0,0
1785276332.79,8,0,1,7,0,0,0
1785276332.89,7,1,0,6,0,0,0
1785276332.99,8,0,1,7,0,0,0
1785276333.09,7,0,1,6,0,0,0
1785276333.19,7,1,0,6,0,0,0
1785276333.29,8,0,1,7,0,0,0
1785276333.39,7,1,0,6,0,0,0
1785276333.49,8,0,1,7,0,0,0
1785276333.60,7,1,0,6,0,0,0
1785276333.70,8,0,1,7,0,0,0
1785276333.80,8,0,1,7,0,0,0
1785276333.90,8,0,1,7,0,0,0
1785276334.01,7,1,0,6,0,0,0
1785276334.11,8,0,1,7,0,0,0
1785276334.21,8,0,1,7,0,0,0
1785276334.31,8,0,1,7,0,0,0
1785276334.41,7,1,0,6,0,0,0
1785276334.51,7,1,0,6,0,0,0
1785276334.61,7,1,0,6,0,0,0
1785276334.72,7,0,0,7,0,0,0
1785276334.82,8,0,1,7,0,0,0
1785276334.92,8,0,1,7,0,0,0
1785276335.02,8,0,1,7,0,0,0
1785276335.13,8,0,1,7,0,0,0
1785276335.23,8,0,1,7,0,0,0
1785276335.33,8,0,1,7,0,0,0
1785276335.43,8,0,1,7,0,0,0
1785276335.53,8,0,1,7,0,0,0
1785276335.64,8,1,0,7,0,0,0
1785276335.74,8,0,1,7,0,0,0
1785276335.84,7,1,0,6,0,0,0
1785276335.94,8,0,1,7,0,0,0
1785276336.05,8,0,1,7,0,0,0
1785276336.15,8,0,1,7,0,0,0
1785276336.25,8,0,1,7,0,0,0
1785276336.35,8,0,1,7,0,0,0
1785276336.45,8,0,1,7,0,0,0
1785276336.55,8,0,1,7,0,0,0
1785276336.65,8,0,1,7,0,0,0
1785276336.75,8,0,1,7,0,0,0
1785276336.85,7,1,0,6,0,0,0
1785276336.96,8,0,1,7,0,0,0
1785276337.06,7,1,0,6,0,0,0
1785276337.16,8,0,1,7,0,0,0
1785276337.26,8,0,1,7,0,0,0
1785276337.36,8,0,1,7,0,0,0
1785276337.47,7,1,0,6,0,0,0
1785276337.57,8,0,1,7,0,0,0
1785276337.67,7,1,0,6,0,0,0
1785276337.77,8,1,1,6,0,0,0
1785276337.87,7,1,0,6,0,0,0
1785276337.97,7,0,1,6,0,0,0
1785276338.07,8,0,1,7,0,0,0
1785276338.17,8,0,1,7,0,0,0
1785276338.28,8,0,1,7,0,0,0
1785276338.38,8,0,1,7,0,0,0
1785276338.48,7,1,0,6,0,0,0
1785276338.59,8,0,1,7,0,0,0
1785276338.69,8,0,1,7,0,0,0
1785276338.79,8,0,1,7,0,0,0
1785276338.89,8,0,1,7,0,0,0
1785276338.99,7,1,0,6,0,0,0
1785276339.09,8,0,1,7,0,0,0
1785276339.20,8,0,1,7,0,0,0
1785276339.30,7,0,1,6,0,0,0
1785276339.40,7,1,0,6,0,0,0
1785276339.50,7,1,0,6,0,0,0
1785276339.60,8,0,1,7,0,0,0
1785276339.70,7,1,0,6,0,0,0
1785276339.80,8,0,1,7,0,0,0
1785276339.91,8,0,1,7,0,0,0
1785276340.01,8,0,1,7,0,0,0
1785276340.11,7,0,1,6,0,0,0
1785276340.21,8,0,1,7,0,0,0
1785276340.31,8,1,0,7,0,0,0
1785276340.42,8,1,0,7,0,0,0
1785276340.52,8,0,1,7,0,0,0
1785276340.62,8,0,1,7,0,0,0
1785276340.72,8,1,0,6,0,0,1
1785276340.82,7,1,0,6,0,0,0
1785276340.92,8,0,1,7,0,0,0
1785276341.03,7,1,0,6,0,0,0
1785276341.13,8,0,1,7,0,0,0
1785276341.22,8,0,1,7,0,0,0
1785276341.32,7,1,0,6,0,0,0
1785276341.43,8,0,1,7,0,0,0
1785276341.53,7,0,1,6,0,0,0
1785276341.63,8,0,1,7,0,0,0
1785276341.73,8,0,1,7,0,0,0
1785276341.83,8,0,1,7,0,0,0
1785276341.93,8,0,1,7,0,0,0
1785276342.03,8,0,1,7,0,0,0
1785276342.13,7,1,0,6,0,0,0
1785276342.24,7,0,1,6,0,0,0
1785276342.34,8,0,1,7,0,0,0
1785276342.44,7,1,0,6,0,0,0
1785276342.55,8,0,1,7,0,0,0
1785276342.65,8,1,0,7,0,0,0
1785276342.75,7,1,0,6,0,0,0
1785276342.85,8,0,1,7,0,0,0
1785276342.95,8,0,1,7,0,0,0
1785276343.05,7,0,1,6,0,0,0
1785276343.15,8,0,1,7,0,0,0
1785276343.25,8,0,1,7,0,0,0
1785276343.35,7,1,0,6,0,0,0
1785276343.46,8,0,1,7,0,0,0
1785276343.56,2,0,0,2,0,0,0
1785276343.66,2,0,0,1,0,0,1
1785276343.76,2,1,0,1,0,0,0
1785276343.86,0,0,0,0,0,0,0
1785276343.97,1,0,0,0,0,0,1
1785276344.07,3,0,0,3,0,0,0
1785276344.17,2,0,0,2,0,0,0
1785276344.27,2,1,0,1,0,0,0
1785276344.37,4,0,0,3,0,0,1
1785276344.47,4,1,0,3,0,0,0
1785276344.57,1,0,0,1,0,0,0
1785276344.67,0,0,0,0,0,0,0
1785276344.77,1,1,0,0,0,0,0
1785276344.87,4,2,0,2,0,0,0
1785276344.97,4,1,0,3,0,0,0
1785276345.07,1,1,0,0,0,0,0
1785276345.17,3,1,0,2,0,0,0
1785276345.28,0,0,0,0,0,0,0
1785276345.38,0,0,0,0,0,0,0
1785276345.48,1,1,0,0,0,0,0
1785276345.58,3,1,0,2,0,0,0
1785276345.68,3,1,0,2,0,0,0
1785276345.78,2,1,0,1,0,0,0
1785276345.88,8,0,0,8,0,0,0
1785276345.98,1,0,0,1,0,0,0
1785276346.08,3,0,0,3,0,0,0
1785276346.18,4,2,0,2,0,0,0
1785276346.29,2,0,0,2,0,0,0
1785276346.39,3,0,0,3,0,0,0
1785276346.49,1,0,0,0,0,0,1
1785276346.59,2,1,0,1,0,0,0
1785276346.69,2,0,0,2,0,0,0
1785276346.79,1,0,0,1,0,0,0
1785276346.89,4,0,0,4,0,0,0
1785276346.99,1,0,0,1,0,0,0
1785276347.09,0,0,0,0,0,0,0
1785276347.19,3,0,0,3,0,0,0
1785276347.29,2,1,0,0,0,0,1
1785276347.40,2,0,0,2,0,0,0
1785276347.50,3,0,0,3,0,0,0
1785276347.60,5,1,0,4,0,0,0
1785276347.70,7,1,0,6,0,0,0
1785276347.80,2,2,0,0,0,0,0
1785276347.90,0,0,0,0,0,0,0
1785276348.00,3,1,0,2,0,0,0
1785276348.10,1,1,0,0,0,0,0
1785276348.20,4,0,0,4,0,0,0
1785276348.30,1,0,0,0,0,0,1
1785276348.40,2,0,0,2,0,0,0
1785276348.50,3,0,0,2,0,0,1
1785276348.60,1,0,0,1,0,0,0
1785276348.70,4,0,0,4,0,0,0
1785276348.80,3,2,0,1,0,0,0
1785276348.90,3,0,0,3,0,0,0
1785276349.01,0,0,0,0,0,0,0
1785276349.11,0,0,0,0,0,0,0
1785276349.21,2,0,0,2,0,0,0
1785276349.31,1,0,0,1,0,0,0
1785276349.41,5,2,0,3,0,0,0
1785276349.51,2,2,0,0,0,0,0
1785276349.62,2,1,0,0,0,0,1
1785276349.72,4,0,0,3,0,0,0
1785276349.82,2,1,0,1,0,0,0
1785276349.92,1,0,0,1,0,0,0
1785276350.02,2,1,0,1,0,0,0
1785276350.12,3,1,0,2,0,0,0
1785276350.22,1,0,0,1,0,0,0
1785276350.32,0,0,0,0,0,0,0
1785276350.43,3,1,0,2,0,0,0
1785276350.53,1,1,0,0,0,0,0
1785276350.63,3,1,0,2,0,0,0
1785276350.73,0,0,0,0,0,0,0
1785276350.83,2,0,0,1,0,1,0
1785276350.93,0,0,0,0,0,0,0
1785276351.03,2,0,0,2,0,0,0
1785276351.13,1,1,0,0,0,0,0
1785276351.23,1,0,0,0,0,0,1
1785276351.33,2,0,0,2,0,0,0
1785276351.43,3,1,0,2,0,0,0
1785276351.53,1,0,0,1,0,0,0
1785276351.63,2,0,0,2,0,0,0
1785276351.74,0,0,0,0,0,0,0
1785276351.84,1,0,0,0,0,0,1
1785276351.94,3,0,0,2,0,0,0
1785276352.04,5,0,0,5,0,0,0
1785276352.14,3,1,0,2,0,0,0
1785276352.24,3,0,0,3,0,0,0
1785276352.34,6,1,0,5,0,0,0
1785276352.44,0,0,0,0,0,0,0
1785276352.54,1,1,0,0,0,0,0
1785276352.64,1,0,0,1,0,0,0
1785276352.74,3,1,0,2,0,0,0
1785276352.84,0,0,0,0,0,0,0
1785276352.94,2,0,0,2,0,0,0
1785276353.05,0,0,0,0,0,0,0
1785276353.15,0,0,0,0,0,0,0
1785276353.25,0,0,0,0,0,0,0
1785276353.35,3,2,0,1,0,0,0
1785276353.45,2,0,0,2,0,0,0
1785276353.55,1,0,0,1,0,0,0
1785276353.65,1,0,0,1,0,0,0
1785276353.75,1,0,0,1,0,0,0
1785276353.85,1,0,0,0,0,0,1
1785276353.95,3,0,0,2,0,0,1
1785276354.05,3,0,0,3,0,0,0
1785276354.15,2,1,0,1,0,0,0
1785276354.26,1,1,0,0,0,0,0
1785276354.36,2,1,0,1,0,0,0
1785276354.46,2,0,0,2,0,0,0
1785276354.57,2,0,0,2,0,0,0
1785276354.67,4,1,0,3,0,0,0
1785276354.77,2,0,0,2,0,0,0
1785276354.87,1,0,0,0,0,0,1
1785276354.97,1,0,0,0,0,0,1
1785276355.07,3,1,0,2,0,0,0
1785276355.17,2,1,0,1,0,0,0
1785276355.27,5,1,0,2,0,0,2
1785276355.38,0,0,0,0,0,0,0
1785276355.48,1,0,0,1,0,0,0
1785276355.58,2,0,0,2,0,0,0
1785276355.68,1,1,0,0,0,0,0
1785276355.78,2,0,0,2,0,0,0
1785276355.88,4,0,0,2,0,0,2
1785276355.98,5,2,0,3,0,0,0
1785276356.08,0,0,0,0,0,0,0
1785276356.18,1,1,0,0,0,0,0
1785276356.29,0,0,0,0,0,0,0
1785276356.39,1,1,0,0,0,0,0
1785276356.49,1,0,0,1,0,0,0
1785276356.59,1,0,0,1,0,0,0
1785276356.69,3,1,0,2,0,0,0
1785276356.79,0,0,0,0,0,0,0
1785276356.89,1,0,0,1,0,0,0
1785276356.99,2,2,0,0,0,0,0
1785276357.09,0,0,0,0,0,0,0
1785276357.19,6,0,0,6,0,0,0
1785276357.29,0,0,0,0,0,0,0
1785276357.40,1,0,0,1,0,0,0
1785276357.50,1,0,0,1,0,0,0
1785276357.60,0,0,0,0,0,0,0
1785276357.70,3,1,0,2,0,0,0
1785276357.80,0,0,0,0,0,0,0
1785276357.90,4,0,0,2,0,0,2
1785276358.00,2,0,0,2,0,0,0
1785276358.10,4,1,0,3,0,0,0
1785276358.21,3,0,0,3,0,0,0
1785276358.31,5,1,0,4,0,0,0
1785276358.41,2,0,0,2,0,0,0
1785276358.51,2,1,0,1,0,0,0
1785276358.61,5,4,0,1,0,0,0
1785276358.71,0,0,0,0,0,0,0
1785276358.82,1,0,0,1,0,0,0
1785276358.92,3,1,0,2,0,0,0
1785276359.02,0,0,0,0,0,0,0
1785276359.12,2,0,0,2,0,0,0
1785276359.23,1,0,0,1,0,0,0
1785276359.33,3,0,0,3,0,0,0
1785276359.43,4,0,0,4,0,0,0
1785276359.53,4,0,0,4,0,0,0
1785276359.63,2,0,0,2,0,0,0
1785276359.73,1,1,0,0,0,0,0
1785276359.83,1,0,0,1,0,0,0
1785276359.94,3,0,0,3,0,0,0
1785276360.04,1,1,0,0,0,0,0
1785276360.14,3,0,0,3,0,0,0
1785276360.24,3,1,0,2,0,0,0
1785276360.34,1,0,0,1,0,0,0
1785276360.44,2,0,0,2,0,0,0
1785276360.54,2,0,0,2,0,0,0
1785276360.65,0,0,0,0,0,0,0
1785276360.75,1,0,0,1,0,0,0
1785276360.85,0,0,0,0,0,0,0
1785276360.95,5,0,0,5,0,0,0
1785276361.05,3,0,0,3,0,0,0
1785276361.15,2,0,0,2,0,0,0
1785276361.26,1,0,0,1,0,0,0
1785276361.36,0,0,0,0,0,0,0
1785276361.46,4,1,0,3,0,0,0
1785276361.57,2,0,0,2,0,0,0
1785276361.67,2,0,0,2,0,0,0
1785276361.77,2,0,0,2,0,0,0
1785276361.87,1,1,0,0,0,0,0
1785276361.97,4,1,0,3,0,0,0
1785276362.08,4,2,0,2,0,0,0
1785276362.18,0,0,0,0,0,0,0
1785276362.28,1,0,0,1,0,0,0
1785276362.38,3,0,0,3,0,0,0
1785276362.48,4,0,0,4,0,0,0
1785276362.58,3,0,0,3,0,0,0
1785276362.68,1,0,0,1,0,0,0
1785276362.78,1,0,0,1,0,0,0
1785276362.88,4,2,0,2,0,0,0
1785276362.99,1,1,0,0,0,0,0
1785276363.09,0,0,0,0,0,0,0
1785276363.19,0,0,0,0,0,0,0
1785276363.29,2,2,0,0,0,0,0
1785276363.40,7,3,0,4,0,0,0
1785276363.50,3,2,0,1,0,0,0
1785276363.60,3,0,0,3,0,0,0
1785276363.70,3,1,0,2,0,0,0
1785276363.80,4,0,0,4,0,0,0
1785276363.90,1,0,0,1,0,0,0
1785276364.01,1,0,0,1,0,0,0
1785276364.11,3,0,0,3,0,0,0
1785276364.21,3,0,0,3,0,0,0
1785276364.31,1,0,0,0,0,0,1
1785276364.42,1,0,0,1,0,0,0
1785276364.52,5,0,0,5,0,0,0
1785276364.62,3,0,0,2,0,1,0
1785276364.72,3,2,0,1,0,0,0
1785276364.82,1,0,0,1,0,0,0
1785276364.92,1,0,0,1,0,0,0
1785276365.02,5,1,0,4,0,0,0
1785276365.12,1,0,0,1,0,0,0
1785276365.22,4,0,0,4,0,0,0
1785276365.32,0,0,0,0,0,0,0
1785276365.42,0,0,0,0,0,0,0
1785276365.52,2,1,0,1,0,0,0
1785276365.62,5,0,0,5,0,0,0
1785276365.73,2,1,0,1,0,0,0
1785276365.83,2,0,0,1,0,0,1
1785276365.93,1,0,0,1,0,0,0
1785276366.03,4,0,0,4,0,0,0
1785276366.13,3,0,0,3,0,0,0
1785276366.23,0,0,0,0,0,0,0
1785276366.33,0,0,0,0,0,0,0
1785276366.43,0,0,0,0,0,0,0
1785276366.54,3,1,0,2,0,0,0
1785276366.64,0,0,0,0,0,0,0
1785276366.74,3,1,0,0,0,0,2
1785276366.84,4,0,0,3,0,0,1
1785276366.94,5,2,0,2,0,0,1
1785276367.04,1,0,0,1,0,0,0
1785276367.14,2,0,0,2,0,0,0
1785276367.24,6,1,0,5,0,0,0
1785276367.34,2,0,0,2,0,0,0
1785276367.44,3,0,0,1,0,0,2
1785276367.54,2,0,0,2,0,0,0
1785276367.64,2,0,0,2,0,0,0
1785276367.74,2,0,0,2,0,0,0
1785276367.84,0,0,0,0,0,0,0
1785276367.95,4,2,0,2,0,0,0
1785276368.05,1,0,0,1,0,0,0
1785276368.15,0,0,0,0,0,0,0
1785276368.25,3,0,0,3,0,0,0
1785276368.35,3,1,0,2,0,0,0
1785276368.45,3,1,0,2,0,0,0
1785276368.55,3,0,0,3,0,0,0
1785276368.65,3,0,0,3,0,0,0
1785276368.75,4,0,0,4,0,0,0
1785276368.85,1,0,0,0,0,0,1
1785276368.95,3,0,0,3,0,0,0
1785276369.05,3,0,0,3,0,0,0
1785276369.15,1,1,0,0,0,0,0
1785276369.26,3,1,0,2,0,0,0
1785276369.36,1,0,0,1,0,0,0
1785276369.46,0,0,0,0,0,0,0
1785276369.56,1,0,0,1,0,0,0
1785276369.66,0,0,0,0,0,0,0
1785276369.76,2,1,0,0,0,0,1
1785276369.86,3,1,0,2,0,0,0
1785276369.96,1,0,0,1,0,0,0
1785276370.06,0,0,0,0,0,0,0
1785276370.16,2,0,0,2,0,0,0
1785276370.27,4,0,0,4,0,0,0
1785276370.38,1,0,0,1,0,0,0
1785276370.47,2,1,0,1,0,0,0
1785276370.57,1,1,0,0,0,0,0
1785276370.68,2,0,0,2,0,0,0
1785276370.78,2,0,0,2,0,0,0
1785276370.88,4,0,0,4,0,0,0
1785276370.98,0,0,0,0,0,0,0
1785276371.08,3,0,0,3,0,0,0
1785276371.18,1,0,0,1,0,0,0
1785276371.28,3,0,0,3,0,0,0
1785276371.38,2,1,0,1,0,0,0
1785276371.48,0,0,0,0,0,0,0
1785276371.58,4,0,0,2,0,0,2
1785276371.68,1,0,0,0,0,0,1
1785276371.78,1,1,0,0,0,0,0
1785276371.88,1,1,0,0,0,0,0
1785276371.98,7,2,0,5,0,0,0
1785276372.08,1,0,0,1,0,0,0
1785276372.19,4,1,0,0,0,0,3
1785276372.28,1,0,0,1,0,0,0
1785276372.39,8,1,0,5,0,0,2
1785276372.49,1,0,0,1,0,0,0
1785276372.59,3,2,0,1,0,0,0
1785276372.69,5,0,0,4,0,0,1
1785276372.79,2,1,0,1,0,0,0
1785276372.89,1,0,0,1,0,0,0
1785276372.99,5,1,0,4,0,0,0
1785276373.09,3,2,0,1,0,0,0
1785276373.19,3,0,0,2,0,0,1
1785276373.29,2,1,0,1,0,0,0
1785276373.39,1,0,0,1,0,0,0
1785276373.49,1,0,0,1,0,0,0
1785276373.59,2,1,0,1,0,0,0
1785276373.70,3,0,0,3,0,0,0
1785276373.80,7,1,0,6,0,0,0
1785276373.90,2,0,0,2,0,0,0
1785276374.00,0,0,0,0,0,0,0
1785276374.10,1,0,0,1,0,0,0
1785276374.20,1,0,0,1,0,0,0
1785276374.30,1,0,0,0,0,0,1
1785276374.40,0,0,0,0,0,0,0
1785276374.50,2,0,0,1,0,0,1
1785276374.60,0,0,0,0,0,0,0
1785276374.70,0,0,0,0,0,0,0
1785276374.80,3,0,0,3,0,0,0
1785276374.91,1,0,0,1,0,0,0
1785276375.01,1,0,0,1,0,0,0
1785276375.11,3,2,0,1,0,0,0
1785276375.21,0,0,0,0,0,0,0
1785276375.31,1,0,0,1,0,0,0
1785276375.41,0,0,0,0,0,0,0
1785276375.51,0,0,0,0,0,0,0
1785276375.61,0,0,0,0,0,0,0
1785276375.71,1,0,0,1,0,0,0
1785276375.81,2,0,0,2,0,0,0
1785276375.91,1,0,0,0,0,0,1
1785276376.01,0,0,0,0,0,0,0
1785276376.11,3,0,0,3,0,0,0
1785276376.21,1,1,0,0,0,0,0
1785276376.31,3,0,0,2,0,0,1
1785276376.41,3,0,0,3,0,0,0
1785276376.51,1,0,0,1,0,0,0
1785276376.61,1,0,0,1,0,0,0
1785276376.71,3,2,0,1,0,0,0
1785276376.82,1,0,0,1,0,0,0
1785276376.92,1,0,0,1,0,0,0
1785276377.02,1,1,0,0,0,0,0
1785276377.12,2,1,0,0,0,0,1
1785276377.22,2,1,0,1,0,0,0
1785276377.32,2,0,0,1,0,0,1
1785276377.42,1,1,0,0,0,0,0
1785276377.52,1,0,0,1,0,0,0
1785276377.62,1,0,0,1,0,0,0
1785276377.73,2,1,0,1,0,0,0
1785276377.83,3,0,0,2,0,0,1
1785276377.93,4,0,0,3,0,0,1
1785276378.03,1,0,0,0,0,0,1
1785276378.14,6,1,0,5,0,0,0
1785276378.23,3,0,0,2,0,0,1
1785276378.34,6,0,0,6,0,0,0
1785276378.44,0,0,0,0,0,0,0
1785276378.54,1,0,0,1,0,0,0
1785276378.64,1,0,0,1,0,0,0
1785276378.74,3,0,0,3,0,0,0
1785276378.85,2,0,0,2,0,0,0
1785276378.94,4,0,0,4,0,0,0
1785276379.04,3,1,0,2,0,0,0
1785276379.15,3,1,0,2,0,0,0
1785276379.25,0,0,0,0,0,0,0
1785276379.35,2,0,0,2,0,0,0
1785276379.45,1,0,0,0,0,0,1
1785276379.55,3,0,0,3,0,0,0
1785276379.65,1,0,0,1,0,0,0
1785276379.75,1,0,0,1,0,0,0
1785276379.85,3,0,0,3,0,0,0
1785276379.95,1,0,0,1,0,0,0
1785276380.05,2,0,0,2,0,0,0
1785276380.15,4,1,0,3,0,0,0
1785276380.25,3,1,0,2,0,0,0
1785276380.36,3,0,0,3,0,0,0
1785276380.46,1,1,0,0,0,0,0
1785276380.56,2,0,0,2,0,0,0
1785276380.66,3,0,0,3,0,0,0
1785276380.76,4,0,0,3,0,0,1
1785276380.86,2,0,0,2,0,0,0
1785276380.96,1,0,0,1,0,0,0
1785276381.06,1,0,0,1,0,0,0
1785276381.17,1,1,0,0,0,0,0
1785276381.27,6,2,0,4,0,0,0
1785276381.37,3,0,0,3,0,0,0
1785276381.47,1,0,0,1,0,0,0
1785276381.57,5,0,0,5,0,0,0
1785276381.67,4,2,0,2,0,0,0
1785276381.77,1,0,0,1,0,0,0
1785276381.87,0,0,0,0,0,0,0
1785276381.97,1,0,0,1,0,0,0
1785276382.07,0,0,0,0,0,0,0
1785276382.18,0,0,0,0,0,0,0
1785276382.28,1,0,0,1,0,0,0
1785276382.38,2,2,0,0,0,0,0
1785276382.48,1,0,0,1,0,0,0
1785276382.58,2,0,0,1,0,0,1
1785276382.68,3,0,0,3,0,0,0
1785276382.78,1,0,0,0,0,0,1
1785276382.88,3,2,0,0,0,0,1
1785276382.98,2,0,0,2,0,0,0
1785276383.09,3,0,0,2,0,0,1
1785276383.19,0,0,0,0,0,0,0
1785276383.29,1,0,0,1,0,0,0
1785276383.39,1,0,0,0,0,0,1
1785276383.49,3,0,0,3,0,0,0
1785276383.59,4,1,0,3,0,0,0
1785276383.69,2,0,0,2,0,0,0
1785276383.79,3,1,0,2,0,0,0
1785276383.89,2,2,0,0,0,0,0
1785276383.99,0,0,0,0,0,0,0
1785276384.09,1,0,0,1,0,0,0
1785276384.19,2,1,0,1,0,0,0
1785276384.29,2,0,0,2,0,0,0
1785276384.39,2,1,0,1,0,0,0
1785276384.50,4,0,0,4,0,0,0
1785276384.59,2,0,0,2,0,0,0
1785276384.70,5,1,0,4,0,0,0
1785276384.79,1,0,0,1,0,0,0
1785276384.89,0,0,0,0,0,0,0
1785276385.00,1,1,0,0,0,0,0
1785276385.10,1,0,0,0,0,0,1
1785276385.20,1,1,0,0,0,0,0
1785276385.30,2,0,0,2,0,0,0
1785276385.40,3,1,0,2,0,0,0
1785276385.50,0,0,0,0,0,0,0
1785276385.60,0,0,0,0,0,0,0
1785276385.70,2,0,0,2,0,0,0
1785276385.80,1,0,0,0,0,0,1
1785276385.90,1,0,0,1,0,0,0
1785276386.00,0,0,0,0,0,0,0
1785276386.10,1,1,0,0,0,0,0
1785276386.20,3,1,0,2,0,0,0
1785276386.30,2,0,0,1,1,0,0
1785276386.40,1,1,0,0,0,0,0
1785276386.50,2,0,0,2,0,0,0
1785276386.60,0,0,0,0,0,0,0
1785276386.70,0,0,0,0,0,0,0
1785276386.80,1,0,0,1,0,0,0
1785276386.90,0,0,0,0,0,0,0
1785276387.00,2,1,0,1,0,0,0
1785276387.10,3,0,0,3,0,0,0
1785276387.20,0,0,0,0,0,0,0
1785276387.30,0,0,0,0,0,0,0
1785276387.40,3,1,0,2,0,0,0
1785276387.51,2,0,0,2,0,0,0
1785276387.61,0,0,0,0,0,0,0
1785276387.71,3,0,0,3,0,0,0
1785276387.81,1,0,0,1,0,0,0
1785276387.91,2,0,0,2,0,0,0
1785276388.01,0,0,0,0,0,0,0
1785276388.11,0,0,0,0,0,0,0
1785276388.21,3,0,0,3,0,0,0
1785276388.31,1,1,0,0,0,0,0
1785276388.41,1,0,0,1,0,0,0
1785276388.51,8,0,0,7,0,0,1
1785276388.61,2,1,0,1,0,0,0
1785276388.71,3,0,0,2,0,0,1
1785276388.81,1,1,0,0,0,0,0
1785276388.91,1,1,0,0,0,0,0
1785276389.01,3,1,0,2,0,0,0
1785276389.11,2,1,0,1,0,0,0
1785276389.21,3,0,0,2,0,0,1
1785276389.31,0,0,0,0,0,0,0
1785276389.41,4,0,0,4,0,0,0
1785276389.51,0,0,0,0,0,0,0
1785276389.62,2,0,0,1,0,0,1
1785276389.72,0,0,0,0,0,0,0
1785276389.82,2,1,0,1,0,0,0
1785276389.92,2,0,0,1,0,1,0
1785276390.02,4,1,0,3,0,0,0
1785276390.12,1,0,0,1,0,0,0
1785276390.22,2,1,0,1,0,0,0
1785276390.32,2,0,0,0,0,1,1
1785276390.42,0,0,0,0,0,0,0
1785276390.52,0,0,0,0,0,0,0
1785276390.62,1,1,0,0,0,0,0
1785276390.72,1,1,0,0,0,0,0
1785276390.82,0,0,0,0,0,0,0
1785276390.92,0,0,0,0,0,0,0
1785276391.02,1,0,0,1,0,0,0
1785276391.12,3,2,0,0,0,0,1
1785276391.22,1,0,0,1,0,0,0
1785276391.32,4,1,0,1,0,0,2
1785276391.42,2,1,0,1,0,0,0
1785276391.52,2,0,0,2,0,0,0
1785276391.63,0,0,0,0,0,0,0
1785276391.73,1,0,0,1,0,0,0
1785276391.83,0,0,0,0,0,0,0
1785276391.93,2,0,0,2,0,0,0
1785276392.03,0,0,0,0,0,0,0
1785276392.13,3,2,0,1,0,0,0
1785276392.23,2,1,0,1,0,0,0
1785276392.33,2,1,0,1,0,0,0
1785276392.43,2,1,0,0,0,1,0
1785276392.53,1,0,0,1,0,0,0
1785276392.63,4,2,0,2,0,0,0
1785276392.73,3,0,0,3,0,0,0
1785276392.83,0,0,0,0,0,0,0
1785276392.93,2,0,0,2,0,0,0
1785276393.04,1,1,0,0,0,0,0
1785276393.14,2,0,0,2,0,0,0
1785276393.24,1,0,0,1,0,0,0
1785276393.34,3,0,0,3,0,0,0
1785276393.44,3,1,0,2,0,0,0
1785276393.54,5,0,0,4,1,0,0
1785276393.64,2,0,0,2,0,0,0
1785276393.74,1,0,0,1,0,0,0
1785276393.84,3,2,0,1,0,0,0
1785276393.94,4,0,0,4,0,0,0
1785276394.04,6,1,0,5,0,0,0
1785276394.14,3,1,0,2,0,0,0
1785276394.24,1,1,0,0,0,0,0
1785276394.34,2,1,0,1,0,0,0
1785276394.44,4,0,0,4,0,0,0
1785276394.55,0,0,0,0,0,0,0
1785276394.65,3,0,0,1,0,0,2
1785276394.75,1,0,0,1,0,0,0
1785276394.85,1,1,0,0,0,0,0
1785276394.95,2,0,0,2,0,0,0
1785276395.05,0,0,0,0,0,0,0
1785276395.15,2,1,0,1,0,0,0
1785276395.26,2,2,0,0,0,0,0
1785276395.36,3,2,0,0,0,0,1
1785276395.46,3,0,0,2,0,0,1
1785276395.56,3,0,0,2,0,1,0
1785276395.66,2,0,0,1,0,0,1
1785276395.76,3,0,0,3,0,0,0
1785276395.86,1,0,0,1,0,0,0
1785276395.96,4,1,0,2,0,0,1
1785276396.07,2,1,0,1,0,0,0
1785276396.17,1,0,0,0,0,0,1
1785276396.27,2,0,0,2,0,0,0
1785276396.37,3,2,0,1,0,0,0
1785276396.47,1,0,0,1,0,0,0
1785276396.57,4,2,0,2,0,0,0
1785276396.67,3,2,0,0,0,0,1
1785276396.78,4,2,0,2,0,0,0
1785276396.88,3,0,0,2,0,0,1
1785276396.98,3,0,0,2,0,0,1
1785276397.08,0,0,0,0,0,0,0
1785276397.18,0,0,0,0,0,0,0
1785276397.28,0,0,0,0,0,0,0
1785276397.38,0,0,0,0,0,0,0
1785276397.48,0,0,0,0,0,0,0
1785276397.58,2,1,0,1,0,0,0
1785276397.68,2,0,0,2,0,0,0
1785276397.78,0,0,0,0,0,0,0
1785276397.88,3,0,0,3,0,0,0
1785276397.98,1,0,0,1,0,0,0
1785276398.08,6,1,0,5,0,0,0
1785276398.18,0,0,0,0,0,0,0
1785276398.28,1,0,0,1,0,0,0
1785276398.38,3,1,0,1,0,0,1
1785276398.48,2,0,0,2,0,0,0
1785276398.58,0,0,0,0,0,0,0
1785276398.68,2,2,0,0,0,0,0
1785276398.78,1,0,0,0,0,0,1
1785276398.88,2,0,0,2,0,0,0
1785276398.98,1,1,0,0,0,0,0
1785276399.08,1,0,0,1,0,0,0
1785276399.18,3,0,0,3,0,0,0
1785276399.28,5,1,0,4,0,0,0
1785276399.38,2,1,0,0,0,0,1
1785276399.48,1,0,0,1,0,0,0
1785276399.59,1,0,0,1,0,0,0
1785276399.69,1,0,0,1,0,0,0
1785276399.79,2,1,0,1,0,0,0
1785276399.89,6,2,0,3,0,0,1
1785276399.99,1,1,0,0,0,0,0
1785276400.09,2,0,0,2,0,0,0
1785276400.19,1,0,0,1,0,0,0
1785276400.29,3,0,0,3,0,0,0
1785276400.39,2,0,0,2,0,0,0
1785276400.49,2,1,0,1,0,0,0
1785276400.59,0,0,0,0,0,0,0
1785276400.69,0,0,0,0,0,0,0
1785276400.79,0,0,0,0,0,0,0
1785276400.89,5,0,0,4,0,0,1
1785276400.99,2,1,0,0,0,0,1
1785276401.09,1,0,0,1,0,0,0
1785276401.19,3,0,0,3,0,0,0
1785276401.29,2,1,0,1,0,0,0
1785276401.40,1,0,0,1,0,0,0
1785276401.50,0,0,0,0,0,0,0
1785276401.60,2,0,0,2,0,0,0
1785276401.70,2,1,0,1,0,0,0
1785276401.80,3,2,0,1,0,0,0
1785276401.90,2,0,0,2,0,0,0
1785276402.00,2,1,0,1,0,0,0
1785276402.10,0,0,0,0,0,0,0
1785276402.20,0,0,0,0,0,0,0
1785276402.30,2,0,0,2,0,0,0
1785276402.40,2,0,0,2,0,0,0
1785276402.50,2,2,0,0,0,0,0
1785276402.60,2,1,0,1,0,0,0
1785276402.70,1,0,0,1,0,0,0
1785276402.80,2,0,0,1,0,0,1
1785276402.90,2,1,0,1,0,0,0
1785276403.00,1,0,0,1,0,0,0
1785276403.10,3,0,0,3,0,0,0
1785276403.20,3,0,0,3,0,0,0
1785276403.31,3,0,0,3,0,0,0
1785276403.41,2,2,0,0,0,0,0
1785276403.51,0,0,0,0,0,0,0
1785276403.61,0,0,0,0,0,0,0
1785276403.72,0,0,0,0,0,0,0
1785276403.83,0,0,0,0,0,0,0
1785276403.93,0,0,0,0,0,0,0
1785276404.03,0,0,0,0,0,0,0
1785276404.13,0,0,0,0,0,0,0
1785276404.24,0,0,0,0,0,0,0
1785276404.34,0,0,0,0,0,0,0
1785276404.44,0,0,0,0,0,0,0
1785276404.54,0,0,0,0,0,0,0
1785276404.65,0,0,0,0,0,0,0
1785276404.75,1,1,0,0,0,0,0
1785276404.85,0,0,0,0,0,0,0
1785276404.96,0,0,0,0,0,0,0
1785276405.06,0,0,0,0,0,0,0
1785276405.16,0,0,0,0,0,0,0
1785276405.27,0,0,0,0,0,0,0
1785276405.37,0,0,0,0,0,0,0
1785276405.47,0,0,0,0,0,0,0
1785276405.58,0,0,0,0,0,0,0
1785276405.68,0,0,0,0,0,0,0
1785276405.78,0,0,0,0,0,0,0
1785276405.89,0,0,0,0,0,0,0
1785276405.99,0,0,0,0,0,0,0
1785276406.09,0,0,0,0,0,0,0
1785276406.20,0,0,0,0,0,0,0
1785276406.30,0,0,0,0,0,0,0
1785276406.40,0,0,0,0,0,0,0
