ts,seq,amount
1785275549.660,1,10000
1785275549.687,2,3000
1785275549.711,3,10000
1785275549.737,4,5000
1785275549.767,5,3000
1785275549.795,6,5000
1785275549.818,7,3000
1785275549.844,8,1000
1785275549.870,9,5000
1785275549.897,10,30000
1785275549.920,11,3000
1785275549.946,12,3000
1785275549.970,13,10000
1785275549.996,14,10000
1785275550.024,15,10000
1785275550.052,16,10000
1785275550.081,17,5000
1785275550.106,18,5000
1785275550.134,19,10000
1785275550.160,20,10000
1785275550.184,21,1000
1785275550.212,22,3000
1785275550.234,23,30000
1785275550.260,24,1000
1785275550.286,25,10000
1785275550.313,26,30000
1785275550.339,27,3000
1785275550.367,28,10000
1785275550.391,29,10000
1785275550.414,30,3000
1785275550.439,31,3000
1785275550.467,32,30000
1785275550.493,33,5000
1785275550.521,34,3000
1785275550.549,35,3000
1785275550.574,36,30000
1785275550.600,37,1000
1785275550.628,38,1000
1785275550.653,39,3000
1785275550.680,40,1000
1785275550.706,41,3000
1785275550.734,42,10000
1785275550.763,43,3000
1785275550.792,44,5000
1785275550.819,45,5000
1785275550.850,46,30000
1785275550.874,47,5000
1785275550.900,48,10000
1785275550.926,49,10000
1785275550.953,50,10000
1785275550.981,51,10000
1785275551.006,52,1000
1785275551.032,53,1000
1785275551.058,54,10000
1785275551.084,55,10000
1785275551.112,56,10000
1785275551.146,57,3000
1785275551.169,58,10000
1785275551.197,59,10000
1785275551.235,60,10000
1785275551.280,61,1000
1785275551.309,62,10000
1785275551.337,63,1000
1785275551.365,64,1000
1785275551.389,65,3000
1785275551.417,66,3000
1785275551.444,67,3000
1785275551.472,68,1000
1785275551.500,69,10000
1785275551.523,70,30000
1785275551.549,71,3000
1785275551.578,72,1000
1785275551.605,73,1000
1785275551.634,74,3000
1785275551.660,75,10000
1785275551.685,76,30000
1785275551.713,77,5000
1785275551.741,78,5000
1785275551.768,79,3000
1785275551.793,80,30000
1785275551.818,81,3000
1785275551.844,82,3000
1785275551.872,83,5000
1785275551.899,84,10000
1785275551.922,85,1000
1785275551.946,86,5000
1785275551.974,87,5000
1785275552.013,88,10000
1785275552.042,89,10000
1785275552.072,90,10000
1785275552.097,91,1000
1785275552.121,92,3000
1785275552.144,93,5000
1785275552.168,94,5000
1785275552.194,95,10000
1785275552.221,96,10000
1785275552.246,97,5000
1785275552.274,98,30000
1785275552.298,99,3000
1785275552.324,100,1000
1785275552.351,101,1000
1785275552.379,102,30000
1785275552.408,103,1000
1785275552.433,104,10000
1785275552.459,105,5000
1785275552.487,106,3000
1785275552.513,107,3000
1785275552.538,108,3000
1785275552.565,109,3000
1785275552.592,110,30000
1785275552.615,111,10000
1785275552.642,112,3000
1785275552.670,113,3000
1785275552.696,114,5000
1785275552.721,115,1000
1785275552.745,116,3000
1785275552.770,117,30000
1785275552.798,118,3000
1785275552.821,119,30000
1785275552.850,120,5000
1785275552.875,121,1000
1785275552.903,122,1000
1785275552.928,123,1000
1785275552.957,124,10000
1785275552.981,125,1000
1785275553.007,126,10000
1785275553.034,127,3000
1785275553.062,128,3000
1785275553.089,129,30000
1785275553.115,130,30000
1785275553.141,131,30000
1785275553.168,132,30000
1785275553.194,133,5000
1785275553.218,134,10000
1785275553.245,135,3000
1785275553.272,136,30000
1785275553.299,137,30000
1785275553.322,138,3000
1785275553.349,139,1000
1785275553.380,140,3000
1785275553.408,141,10000
1785275553.436,142,30000
1785275553.459,143,10000
1785275553.492,144,3000
1785275553.516,145,30000
1785275553.541,146,3000
1785275553.568,147,5000
1785275553.594,148,5000
1785275553.618,149,3000
1785275553.644,150,1000
1785275553.669,151,5000
1785275553.698,152,3000
1785275553.727,153,3000
1785275553.751,154,1000
1785275553.776,155,1000
1785275553.802,156,3000
1785275553.829,157,30000
1785275553.856,158,3000
1785275553.883,159,30000
1785275553.910,160,30000
1785275553.936,161,30000
1785275553.960,162,10000
1785275553.987,163,30000
1785275554.015,164,3000
1785275554.042,165,5000
1785275554.074,166,30000
1785275554.117,167,30000
1785275554.145,168,30000
1785275554.169,169,3000
1785275554.196,170,3000
1785275554.226,171,30000
1785275554.253,172,10000
1785275554.286,173,10000
1785275554.312,174,5000
1785275554.340,175,30000
1785275554.366,176,10000
1785275554.392,177,10000
1785275554.420,178,10000
1785275554.449,179,5000
1785275554.476,180,10000
1785275554.500,181,30000
1785275554.528,182,10000
1785275554.555,183,10000
1785275554.579,184,30000
1785275554.605,185,30000
1785275554.633,186,10000
1785275554.659,187,30000
1785275554.685,188,5000
1785275554.712,189,1000
1785275554.741,190,10000
1785275554.765,191,3000
1785275554.789,192,1000
1785275554.817,193,10000
1785275554.845,194,5000
1785275554.872,195,1000
1785275554.901,196,3000
1785275554.927,197,10000
1785275554.956,198,10000
1785275554.981,199,5000
1785275555.007,200,3000
1785275555.034,201,5000
1785275555.063,202,3000
1785275555.086,203,3000
1785275555.116,204,5000
1785275555.140,205,3000
1785275555.167,206,1000
1785275555.192,207,10000
1785275555.219,208,10000
1785275555.243,209,10000
1785275555.277,210,5000
1785275555.305,211,10000
1785275555.330,212,1000
1785275555.357,213,30000
1785275555.383,214,10000
1785275555.409,215,3000
1785275555.436,216,10000
1785275555.464,217,1000
1785275555.493,218,1000
1785275555.520,219,1000
1785275555.546,220,30000
1785275555.570,221,5000
1785275555.598,222,5000
1785275555.624,223,30000
1785275555.650,224,10000
1785275555.676,225,30000
1785275555.703,226,30000
1785275555.731,227,30000
1785275555.756,228,5000
1785275555.779,229,10000
1785275555.803,230,1000
1785275555.832,231,10000
1785275555.859,232,1000
1785275555.884,233,10000
1785275555.911,234,10000
1785275555.939,235,30000
1785275555.965,236,3000
1785275555.991,237,5000
1785275556.019,238,30000
1785275556.046,239,30000
1785275556.069,240,1000
1785275556.097,241,3000
1785275556.121,242,10000
1785275556.149,243,10000
1785275556.177,244,10000
1785275556.200,245,3000
1785275556.227,246,5000
1785275556.254,247,1000
1785275556.285,248,1000
1785275556.314,249,3000
1785275556.343,250,1000
1785275556.369,251,30000
1785275556.393,252,5000
1785275556.421,253,10000
1785275556.450,254,3000
1785275556.479,255,1000
1785275556.505,256,10000
1785275556.532,257,30000
1785275556.557,258,1000
1785275556.583,259,30000
1785275556.609,260,1000
1785275556.634,261,5000
1785275556.657,262,30000
1785275556.681,263,5000
1785275556.705,264,1000
1785275556.730,265,5000
1785275556.754,266,30000
1785275556.780,267,10000
1785275556.808,268,10000
1785275556.836,269,3000
1785275556.864,270,30000
1785275556.895,271,5000
1785275556.918,272,30000
1785275556.946,273,1000
1785275556.974,274,10000
1785275556.998,275,1000
1785275557.023,276,5000
1785275557.047,277,10000
1785275557.070,278,1000
1785275557.096,279,10000
1785275557.121,280,30000
1785275557.145,281,30000
1785275557.169,282,5000
1785275557.195,283,10000
1785275557.219,284,10000
1785275557.248,285,3000
1785275557.275,286,30000
1785275557.301,287,5000
1785275557.329,288,5000
1785275557.358,289,1000
1785275557.385,290,10000
1785275557.411,291,1000
1785275557.437,292,3000
1785275557.461,293,30000
1785275557.484,294,10000
1785275557.508,295,10000
1785275557.536,296,5000
1785275557.563,297,1000
1785275557.590,298,1000
1785275557.613,299,1000
1785275557.642,300,30000
1785275557.667,301,5000
1785275557.692,302,10000
1785275557.721,303,3000
1785275557.745,304,5000
1785275557.772,305,1000
1785275557.800,306,10000
1785275557.825,307,3000
1785275557.849,308,5000
1785275557.876,309,10000
1785275557.899,310,10000
1785275557.926,311,5000
1785275557.954,312,30000
1785275557.979,313,5000
1785275558.007,314,1000
1785275558.035,315,5000
1785275558.064,316,5000
1785275558.095,317,30000
1785275558.123,318,3000
1785275558.146,319,5000
1785275558.173,320,10000
1785275558.196,321,30000
1785275558.219,322,10000
1785275558.245,323,5000
1785275558.272,324,5000
1785275558.299,325,30000
1785275558.323,326,1000
1785275558.351,327,30000
1785275558.375,328,3000
1785275558.401,329,3000
1785275558.429,330,30000
1785275558.457,331,3000
1785275558.481,332,1000
1785275558.507,333,1000
1785275558.535,334,5000
1785275558.561,335,5000
1785275558.588,336,10000
1785275558.615,337,10000
1785275558.640,338,3000
1785275558.668,339,1000
1785275558.695,340,5000
1785275558.718,341,3000
1785275558.745,342,10000
1785275558.772,343,3000
1785275558.802,344,1000
1785275558.830,345,3000
1785275558.859,346,30000
1785275558.885,347,5000
1785275558.913,348,3000
1785275558.937,349,5000
1785275558.965,350,3000
1785275558.993,351,30000
1785275559.017,352,1000
1785275559.042,353,30000
1785275559.069,354,1000
1785275559.094,355,10000
1785275559.119,356,5000
1785275559.145,357,1000
1785275559.167,358,5000
1785275559.192,359,5000
1785275559.219,360,3000
1785275559.245,361,30000
1785275559.272,362,5000
1785275559.296,363,10000
1785275559.319,364,5000
1785275559.347,365,1000
1785275559.374,366,1000
1785275559.402,367,1000
1785275559.430,368,10000
1785275559.455,369,1000
1785275559.481,370,10000
1785275559.508,371,10000
1785275559.533,372,30000
1785275559.560,373,1000
1785275559.583,374,10000
1785275559.610,375,10000
1785275559.637,376,1000
1785275559.664,377,5000
1785275559.689,378,3000
1785275559.713,379,1000
1785275559.740,380,1000
1785275559.766,381,3000
1785275559.790,382,10000
1785275559.817,383,1000
1785275559.842,384,3000
1785275559.866,385,1000
1785275559.893,386,1000
1785275559.919,387,3000
1785275559.943,388,10000
1785275559.969,389,30000
1785275559.994,390,5000
1785275560.020,391,10000
1785275560.049,392,3000
1785275560.075,393,30000
1785275560.101,394,1000
1785275560.126,395,3000
1785275560.152,396,1000
1785275560.179,397,1000
1785275560.214,398,3000
1785275560.243,399,5000
1785275560.271,400,10000
1785275560.297,401,5000
1785275560.322,402,10000
1785275560.348,403,5000
1785275560.373,404,10000
1785275560.400,405,1000
1785275560.427,406,3000
1785275560.451,407,30000
1785275560.479,408,3000
1785275560.503,409,30000
1785275560.531,410,1000
1785275560.554,411,5000
1785275560.582,412,30000
1785275560.611,413,3000
1785275560.634,414,1000
1785275560.659,415,10000
1785275560.683,416,3000
1785275560.711,417,3000
1785275560.742,418,10000
1785275560.776,419,1000
1785275560.804,420,30000
1785275560.832,421,3000
1785275560.858,422,30000
1785275560.887,423,3000
1785275560.915,424,3000
1785275560.940,425,3000
1785275560.974,426,1000
1785275560.999,427,1000
1785275561.029,428,30000
1785275561.058,429,10000
1785275561.088,430,1000
1785275561.117,431,10000
1785275561.144,432,10000
1785275561.174,433,1000
1785275561.201,434,30000
1785275561.230,435,10000
1785275561.256,436,3000
1785275561.285,437,3000
1785275561.311,438,5000
1785275561.339,439,30000
1785275561.367,440,10000
1785275561.392,441,10000
1785275561.417,442,3000
1785275561.445,443,30000
1785275561.471,444,3000
1785275561.499,445,5000
1785275561.524,446,10000
1785275561.548,447,5000
1785275561.571,448,1000
1785275561.596,449,30000
1785275561.623,450,30000
1785275561.651,451,5000
1785275561.676,452,3000
1785275561.702,453,5000
1785275561.731,454,1000
1785275561.755,455,5000
1785275561.779,456,5000
1785275561.807,457,1000
1785275561.836,458,5000
1785275561.865,459,5000
1785275561.892,460,10000
1785275561.922,461,30000
1785275561.948,462,3000
1785275561.980,463,3000
1785275562.010,464,5000
1785275562.055,465,10000
1785275562.088,466,5000
1785275562.115,467,1000
1785275562.153,468,1000
1785275562.182,469,3000
1785275562.212,470,3000
1785275562.240,471,5000
1785275562.268,472,3000
1785275562.295,473,5000
1785275562.318,474,10000
1785275562.343,475,30000
1785275562.367,476,1000
1785275562.395,477,1000
1785275562.422,478,3000
1785275562.451,479,1000
1785275562.476,480,30000
1785275562.512,481,3000
1785275562.539,482,10000
1785275562.563,483,1000
1785275562.589,484,1000
1785275562.617,485,10000
1785275562.645,486,5000
1785275562.672,487,30000
1785275562.700,488,5000
1785275562.723,489,1000
1785275562.756,490,30000
1785275562.786,491,1000
1785275562.811,492,10000
1785275562.837,493,1000
1785275562.861,494,30000
1785275562.888,495,10000
1785275562.916,496,1000
1785275562.940,497,3000
1785275562.966,498,10000
1785275562.991,499,3000
1785275563.018,500,3000
1785275563.043,501,10000
1785275563.066,502,5000
1785275563.092,503,10000
1785275563.118,504,1000
1785275563.145,505,3000
1785275563.176,506,3000
1785275563.209,507,1000
1785275563.237,508,1000
1785275563.262,509,3000
1785275563.287,510,1000
1785275563.312,511,10000
1785275563.338,512,30000
1785275563.365,513,3000
1785275563.393,514,3000
1785275563.419,515,30000
1785275563.448,516,5000
1785275563.477,517,3000
1785275563.505,518,3000
1785275563.534,519,1000
1785275563.559,520,30000
1785275563.586,521,5000
1785275563.611,522,3000
1785275563.639,523,3000
1785275563.666,524,1000
1785275563.690,525,1000
1785275563.717,526,5000
1785275563.744,527,30000
1785275563.768,528,3000
1785275563.796,529,5000
1785275563.824,530,5000
1785275563.851,531,10000
1785275563.877,532,30000
1785275563.908,533,3000
1785275563.937,534,30000
1785275563.965,535,1000
1785275563.994,536,10000
1785275564.024,537,10000
1785275564.053,538,5000
1785275564.081,539,5000
1785275564.105,540,5000
1785275564.136,541,3000
1785275564.165,542,5000
1785275564.191,543,10000
1785275564.221,544,1000
1785275564.249,545,5000
1785275564.277,546,1000
1785275564.305,547,1000
1785275564.335,548,5000
1785275564.363,549,10000
1785275564.391,550,30000
1785275564.420,551,30000
1785275564.445,552,5000
1785275564.475,553,30000
1785275564.506,554,10000
1785275564.533,555,1000
1785275564.561,556,1000
1785275564.584,557,10000
1785275564.612,558,3000
1785275564.637,559,5000
1785275564.665,560,3000
1785275564.689,561,30000
1785275564.714,562,30000
1785275564.738,563,10000
1785275564.763,564,3000
1785275564.790,565,1000
1785275564.814,566,5000
1785275564.843,567,5000
1785275564.871,568,3000
1785275564.898,569,30000
1785275564.924,570,10000
1785275564.950,571,5000
1785275564.978,572,30000
1785275565.009,573,1000
1785275565.037,574,30000
1785275565.066,575,3000
1785275565.097,576,5000
1785275565.123,577,3000
1785275565.151,578,5000
1785275565.178,579,5000
1785275565.206,580,1000
1785275565.232,581,10000
1785275565.260,582,30000
1785275565.284,583,10000
1785275565.310,584,3000
1785275565.335,585,1000
1785275565.362,586,10000
1785275565.392,587,10000
1785275565.419,588,5000
1785275565.445,589,1000
1785275565.473,590,5000
1785275565.497,591,1000
1785275565.522,592,1000
1785275565.547,593,5000
1785275565.573,594,30000
1785275565.602,595,5000
1785275565.629,596,30000
1785275565.658,597,1000
1785275565.688,598,1000
1785275565.715,599,1000
1785275565.738,600,5000
1785275565.764,601,1000
1785275565.792,602,5000
1785275565.819,603,10000
1785275565.845,604,5000
1785275565.873,605,5000
1785275565.900,606,5000
1785275565.927,607,5000
1785275565.954,608,5000
1785275565.980,609,1000
1785275566.006,610,3000
1785275566.032,611,3000
1785275566.057,612,3000
1785275566.081,613,5000
1785275566.111,614,10000
1785275566.136,615,1000
1785275566.165,616,1000
1785275566.195,617,3000
1785275566.222,618,10000
1785275566.250,619,3000
1785275566.279,620,30000
1785275566.307,621,1000
1785275566.334,622,5000
1785275566.360,623,5000
1785275566.385,624,3000
1785275566.414,625,30000
1785275566.441,626,3000
1785275566.472,627,10000
1785275566.500,628,30000
1785275566.527,629,1000
1785275566.551,630,3000
1785275566.579,631,3000
1785275566.603,632,3000
1785275566.633,633,1000
1785275566.662,634,10000
1785275566.691,635,1000
1785275566.722,636,1000
1785275566.748,637,30000
1785275566.773,638,5000
1785275566.800,639,5000
1785275566.825,640,3000
1785275566.850,641,1000
1785275566.876,642,1000
1785275566.905,643,30000
1785275566.930,644,30000
1785275566.959,645,1000
1785275566.985,646,5000
1785275567.013,647,1000
1785275567.041,648,3000
1785275567.070,649,3000
1785275567.098,650,3000
1785275567.126,651,10000
1785275567.155,652,3000
1785275567.185,653,3000
1785275567.214,654,3000
1785275567.241,655,10000
1785275567.268,656,10000
1785275567.295,657,30000
1785275567.321,658,1000
1785275567.349,659,3000
1785275567.377,660,3000
1785275567.406,661,30000
1785275567.433,662,10000
1785275567.463,663,3000
1785275567.487,664,1000
1785275567.519,665,30000
1785275567.543,666,3000
1785275567.575,667,1000
1785275567.602,668,3000
1785275567.628,669,5000
1785275567.658,670,3000
1785275567.688,671,5000
1785275567.718,672,3000
1785275567.747,673,3000
1785275567.774,674,10000
1785275567.798,675,10000
1785275567.827,676,5000
1785275567.857,677,30000
1785275567.882,678,1000
1785275567.910,679,1000
1785275567.938,680,3000
1785275567.963,681,5000
1785275567.990,682,30000
1785275568.019,683,10000
1785275568.043,684,10000
1785275568.071,685,1000
1785275568.098,686,3000
1785275568.124,687,5000
1785275568.151,688,3000
1785275568.180,689,30000
1785275568.211,690,3000
1785275568.240,691,3000
1785275568.269,692,30000
1785275568.294,693,10000
1785275568.320,694,1000
1785275568.349,695,3000
1785275568.378,696,10000
1785275568.408,697,3000
1785275568.436,698,30000
1785275568.465,699,1000
1785275568.491,700,10000
1785275568.521,701,10000
1785275568.547,702,1000
1785275568.577,703,5000
1785275568.606,704,30000
1785275568.633,705,10000
1785275568.660,706,1000
1785275568.690,707,10000
1785275568.718,708,30000
1785275568.746,709,10000
1785275568.774,710,30000
1785275568.799,711,10000
1785275568.827,712,10000
1785275568.856,713,3000
1785275568.881,714,10000
1785275568.906,715,30000
1785275568.931,716,1000
1785275568.958,717,5000
1785275568.985,718,10000
1785275569.009,719,3000
1785275569.034,720,30000
1785275569.062,721,30000
1785275569.088,722,1000
1785275569.116,723,30000
1785275569.144,724,30000
1785275569.168,725,10000
1785275569.193,726,3000
1785275569.221,727,1000
1785275569.248,728,1000
1785275569.277,729,5000
1785275569.307,730,10000
1785275569.335,731,3000
1785275569.359,732,30000
1785275569.385,733,30000
1785275569.411,734,3000
1785275569.439,735,10000
1785275569.466,736,10000
1785275569.493,737,30000
1785275569.520,738,5000
1785275569.543,739,1000
1785275569.570,740,1000
1785275569.598,741,1000
1785275569.621,742,1000
1785275569.648,743,5000
1785275569.677,744,3000
1785275569.705,745,30000
1785275569.733,746,10000
1785275569.758,747,10000
1785275569.783,748,10000
1785275569.808,749,30000
1785275569.836,750,1000
1785275569.864,751,5000
1785275569.890,752,5000
1785275569.917,753,5000
1785275569.946,754,30000
1785275569.976,755,1000
1785275570.005,756,5000
1785275570.030,757,5000
1785275570.054,758,5000
1785275570.077,759,10000
1785275570.101,760,5000
1785275570.127,761,30000
1785275570.154,762,3000
1785275570.181,763,30000
1785275570.204,764,30000
1785275570.229,765,3000
1785275570.257,766,30000
1785275570.285,767,10000
1785275570.313,768,5000
1785275570.340,769,30000
1785275570.367,770,1000
1785275570.395,771,1000
1785275570.421,772,5000
1785275570.448,773,10000
1785275570.475,774,30000
1785275570.501,775,30000
1785275570.528,776,1000
1785275570.557,777,5000
1785275570.581,778,3000
1785275570.608,779,3000
1785275570.632,780,5000
1785275570.659,781,30000
1785275570.685,782,1000
1785275570.713,783,5000
1785275570.739,784,1000
1785275570.766,785,1000
1785275570.795,786,5000
1785275570.825,787,1000
1785275570.852,788,5000
1785275570.880,789,10000
1785275570.907,790,5000
1785275570.933,791,5000
1785275570.961,792,1000
1785275570.988,793,1000
1785275571.017,794,30000
1785275571.046,795,3000
1785275571.075,796,5000
1785275571.102,797,10000
1785275571.126,798,1000
1785275571.154,799,30000
1785275571.182,800,3000
1785275571.209,801,1000
1785275571.234,802,10000
1785275571.260,803,5000
1785275571.284,804,30000
1785275571.310,805,5000
1785275571.338,806,1000
1785275571.365,807,5000
1785275571.389,808,1000
1785275571.414,809,10000
1785275571.437,810,5000
1785275571.463,811,10000
1785275571.491,812,1000
1785275571.519,813,10000
1785275571.547,814,3000
1785275571.570,815,1000
1785275571.598,816,1000
1785275571.626,817,30000
1785275571.653,818,30000
1785275571.682,819,5000
1785275571.709,820,1000
1785275571.739,821,10000
1785275571.767,822,5000
1785275571.792,823,10000
1785275571.822,824,30000
1785275571.851,825,5000
1785275571.878,826,5000
1785275571.909,827,5000
1785275571.937,828,5000
1785275571.966,829,10000
1785275571.989,830,3000
1785275572.019,831,30000
1785275572.043,832,3000
1785275572.070,833,10000
1785275572.099,834,30000
1785275572.126,835,5000
1785275572.156,836,30000
1785275572.183,837,10000
1785275572.208,838,1000
1785275572.234,839,5000
1785275572.257,840,30000
1785275572.284,841,3000
1785275572.310,842,1000
1785275572.334,843,3000
1785275572.359,844,1000
1785275572.385,845,1000
1785275572.411,846,3000
1785275572.437,847,30000
1785275572.460,848,10000
1785275572.488,849,10000
1785275572.515,850,3000
1785275572.545,851,10000
1785275572.571,852,10000
1785275572.601,853,10000
1785275572.627,854,30000
1785275572.651,855,10000
1785275572.678,856,10000
1785275572.708,857,30000
1785275572.735,858,10000
1785275572.761,859,10000
1785275572.791,860,5000
1785275572.818,861,1000
1785275572.845,862,1000
1785275572.874,863,5000
1785275572.902,864,10000
1785275572.929,865,3000
1785275572.957,866,3000
1785275572.984,867,30000
1785275573.015,868,1000
1785275573.043,869,10000
1785275573.073,870,3000
1785275573.105,871,30000
1785275573.133,872,30000
1785275573.161,873,1000
1785275573.189,874,30000
1785275573.217,875,1000
1785275573.246,876,5000
1785275573.272,877,5000
1785275573.295,878,5000
1785275573.322,879,3000
1785275573.349,880,10000
1785275573.376,881,5000
1785275573.403,882,30000
1785275573.431,883,10000
1785275573.460,884,10000
1785275573.485,885,10000
1785275573.513,886,30000
1785275573.541,887,30000
1785275573.568,888,5000
1785275573.598,889,5000
1785275573.629,890,5000
1785275573.659,891,3000
1785275573.685,892,10000
1785275573.715,893,3000
1785275573.743,894,3000
1785275573.772,895,10000
1785275573.797,896,10000
1785275573.827,897,5000
1785275573.858,898,5000
1785275573.886,899,1000
1785275573.915,900,3000
1785275573.943,901,3000
1785275573.969,902,10000
1785275573.995,903,1000
1785275574.023,904,3000
1785275574.048,905,30000
1785275574.074,906,5000
1785275574.098,907,1000
1785275574.127,908,5000
1785275574.157,909,1000
1785275574.184,910,5000
1785275574.213,911,1000
1785275574.241,912,5000
1785275574.274,913,3000
1785275574.304,914,3000
1785275574.332,915,10000
1785275574.359,916,3000
1785275574.382,917,5000
1785275574.410,918,10000
1785275574.437,919,30000
1785275574.461,920,30000
1785275574.487,921,5000
1785275574.512,922,5000
1785275574.539,923,3000
1785275574.568,924,30000
1785275574.594,925,3000
1785275574.624,926,30000
1785275574.652,927,10000
1785275574.701,928,FAILED:2013
