ts_ns,elapsed_ms,ok,err
1785487463463956502,7,1,
1785487463496810836,6,1,
1785487463527551544,6,1,
1785487463559694544,6,1,
1785487463594141252,6,1,
1785487463625457752,6,1,
1785487463656707586,7,1,
1785487463689657086,8,1,
1785487463721476711,7,1,
1785487463754426294,6,1,
1785487463786690086,6,1,
1785487463818219628,6,1,
1785487463848863628,7,1,
1785487463882347003,8,1,
1785487463918273211,6,1,
1785487463951568086,7,1,
1785487463990138169,7,1,
1785487464020797003,7,1,
1785487464052847544,6,1,
1785487464086629294,6,1,
1785487464116828128,7,1,
1785487464153758794,7,1,
1785487464185489128,7,1,
1785487464217762003,8,1,
1785487464251304003,8,1,
1785487464285094211,8,1,
1785487464320056128,8,1,
1785487464352046503,7,1,
1785487464386261503,7,1,
1785487464418158086,8,1,
1785487464451219378,7,1,
1785487464482560295,7,1,
1785487464515219420,7,1,
1785487464547274295,7,1,
1785487464580726128,7,1,
1785487464613486170,7,1,
1785487464647113128,7,1,
1785487464680742878,7,1,
1785487464714016336,8,1,
1785487464746760253,7,1,
1785487464778769378,7,1,
1785487464812225753,7,1,
1785487464843966086,6,1,
1785487464877202253,7,1,
1785487464910329295,7,1,
1785487464942021711,7,1,
1785487464973568378,7,1,
1785487465006028253,7,1,
1785487465038974586,8,1,
1785487465073120170,8,1,
1785487465108473795,7,1,
1785487465140632420,7,1,
1785487465171794753,7,1,
1785487465210151628,9,1,
1785487465242704170,7,1,
1785487465274847337,7,1,
1785487465309636212,7,1,
1785487465341078753,7,1,
1785487465372836045,9,1,
1785487465406900837,8,1,
1785487465439165753,7,1,
1785487465471083628,7,1,
1785487465503015170,9,1,
1785487465536186503,4124,1,
1785487469685799505,6,1,
1785487469716633297,6,1,
1785487469746576422,5,1,
1785487469776460255,5,1,
1785487469805780339,5,1,
1785487469836064005,6,1,
1785487469868487339,7,1,
1785487469899555589,7,1,
1785487469931220339,7,1,
1785487469969646339,9,1,
1785487470003340464,7,1,
1785487470034988339,7,1,
1785487470068131214,12,1,
1785487470105070131,7,1,
1785487470137276756,7,1,
1785487470171500089,7,1,
1785487470204161297,7,1,
1785487470235198214,7,1,
1785487470266556631,7,1,
1785487470299152256,7,1,
1785487470332021297,9,1,
1785487470364975297,7,1,
1785487470399648672,7,1,
1785487470431935506,6,1,
1785487470464762339,6,1,
1785487470495815256,8,1,
1785487470528132631,9,1,
1785487470562375089,7,1,
1785487470593766422,7,1,
1785487470625042922,7,1,
1785487470657396297,7,1,
1785487470689302256,9,1,
1785487470723938506,7,1,
1785487470755109089,10,1,
