1785407649195,18,ok
1785407649227,18,ok
1785407649262,17,ok
1785407649293,17,ok
1785407649323,16,ok
1785407649352,18,ok
1785407649384,18,ok
1785407649414,16,ok
1785407649446,16,ok
1785407649476,16,ok
1785407649506,18,ok
1785407649537,18,ok
1785407649570,17,ok
1785407649599,17,ok
1785407649630,17,ok
1785407649660,16,ok
1785407649694,16,ok
1785407649725,16,ok
1785407649753,17,ok
1785407649784,18,ok
1785407649817,16,ok
1785407649847,16,ok
1785407649876,16,ok
1785407649905,16,ok
1785407649934,16,ok
1785407649962,16,ok
1785407649992,16,ok
1785407650020,16,ok
1785407650051,17,ok
1785407650081,16,ok
1785407650110,16,ok
1785407650139,17,ok
1785407650167,16,ok
1785407650198,16,ok
1785407650227,17,ok
1785407650257,17,ok
1785407650286,16,ok
1785407650315,16,ok
1785407650345,16,ok
1785407650375,16,ok
1785407650403,16,ok
1785407650434,16,ok
1785407650462,17,ok
1785407650492,19,ok
1785407650524,16,ok
1785407650555,17,ok
1785407650585,18,ok
1785407650618,18,ok
1785407650647,16,ok
1785407650675,16,ok
1785407650704,18,ok
1785407650736,18,ok
1785407650766,17,ok
1785407650795,18,ok
1785407650825,17,ok
1785407650856,17,ok
1785407650887,16,ok
1785407650915,17,ok
1785407650948,17,ok
1785407650979,17,ok
1785407651008,16,ok
1785407651036,18,ok
1785407651067,18,ok
1785407651099,17,ok
1785407651129,17,ok
1785407651158,17,ok
1785407651189,17,ok
1785407651219,17,ok
1785407651248,17,ok
1785407651282,17,ok
1785407651316,17,ok
1785407651346,17,ok
1785407651375,16,ok
1785407651407,16,ok
1785407651435,16,ok
1785407651465,17,ok
1785407651494,17,ok
1785407651527,16,ok
1785407651558,17,ok
1785407651590,16,ok
1785407651619,16,ok
1785407651650,17,ok
1785407651680,16,ok
1785407651710,15,ok
1785407651738,15,ok
1785407651766,16,ok
1785407651795,16,ok
1785407651825,16,ok
1785407651855,16,ok
1785407651883,16,ok
1785407651911,16,ok
1785407651941,16,ok
1785407651971,16,ok
1785407652003,17,ok
1785407652032,17,ok
1785407652064,18,ok
1785407652095,16,ok
1785407652127,16,ok
1785407652156,17,ok
1785407652186,16,ok
1785407652215,16,ok
1785407652244,16,ok
1785407652272,17,ok
1785407652302,17,ok
1785407652335,16,ok
1785407652364,15,ok
1785407652394,16,ok
1785407652422,16,ok
1785407652451,16,ok
1785407652479,16,ok
1785407652507,18,ok
1785407652541,18,ok
1785407652575,17,ok
1785407652607,16,ok
1785407652638,16,ok
1785407652667,16,ok
1785407652697,17,ok
1785407652728,17,ok
1785407652760,16,ok
1785407652788,16,ok
1785407652816,16,ok
1785407652845,16,ok
1785407652873,16,ok
1785407652901,16,ok
1785407652930,16,ok
1785407652959,16,ok
1785407652987,16,ok
1785407653016,18,ok
1785407653046,18,ok
1785407653079,17,ok
1785407653111,16,ok
1785407653140,16,ok
1785407653169,18,ok
1785407653200,16,ok
1785407653228,17,ok
1785407653261,17,ok
1785407653290,16,ok
1785407653320,16,ok
1785407653349,16,ok
1785407653378,16,ok
1785407653408,17,ok
1785407653443,16,ok
1785407653472,16,ok
1785407653502,17,ok
1785407653532,16,ok
1785407653560,16,ok
1785407653588,16,ok
1785407653619,16,ok
1785407653647,16,ok
1785407653676,16,ok
1785407653706,17,ok
1785407653735,16,ok
1785407653763,18,ok
1785407653793,17,ok
1785407653823,18,ok
1785407653856,16,ok
1785407653886,16,ok
1785407653917,16,ok
1785407653948,17,ok
1785407653978,18,ok
1785407654008,18,ok
1785407654039,16,ok
1785407654067,16,ok
1785407654098,17,ok
1785407654129,19,ok
1785407654161,18,ok
1785407654193,19,ok
1785407654224,17,ok
1785407654257,17,ok
1785407654288,16,ok
1785407654321,16,ok
1785407654351,18,ok
1785407654381,17,ok
1785407654411,18,ok
1785407654441,17,ok
1785407654474,17,ok
1785407654505,17,ok
1785407654534,16,ok
1785407654566,16,ok
1785407654595,16,ok
1785407654624,17,ok
1785407654654,16,ok
1785407654682,16,ok
1785407654711,18,ok
1785407654742,17,ok
1785407654772,16,ok
1785407654801,16,ok
1785407654831,18,ok
1785407654862,17,ok
1785407654893,16,ok
1785407654924,16,ok
1785407654955,19,ok
1785407654990,18,ok
1785407655022,17,ok
1785407655054,16,ok
1785407655083,17,ok
1785407655113,16,ok
1785407655141,16,ok
1785407655172,17,ok
1785407655202,17,ok
1785407655232,17,ok
1785407655262,17,ok
1785407655292,18,ok
1785407655322,17,ok
1785407655351,18,ok
1785407655382,18,ok
1785407655416,18,ok
1785407655448,17,ok
1785407655480,16,ok
1785407655510,17,ok
1785407655539,16,ok
1785407655569,16,ok
1785407655599,17,ok
1785407655628,17,ok
1785407655658,17,ok
1785407655693,16,ok
1785407655722,16,ok
1785407655751,17,ok
1785407655786,17,ok
1785407655817,16,ok
1785407655846,17,ok
1785407655880,19,ok
1785407655912,18,ok
1785407655942,18,ok
1785407655974,17,ok
1785407656004,17,ok
1785407656035,17,ok
1785407656066,18,ok
1785407656098,16,ok
1785407656129,17,ok
1785407656163,18,ok
1785407656195,17,ok
1785407656226,17,ok
1785407656256,17,ok
1785407656287,16,ok
1785407656316,16,ok
1785407656349,16,ok
1785407656379,19,ok
1785407656411,19,ok
1785407656442,17,ok
1785407656476,17,ok
1785407656507,17,ok
1785407656538,16,ok
1785407656568,16,ok
1785407656601,16,ok
1785407656631,16,ok
1785407656662,16,ok
1785407656692,18,ok
1785407656722,18,ok
1785407656755,16,ok
1785407656784,16,ok
1785407656817,18,ok
1785407656848,17,ok
1785407656877,16,ok
1785407656905,18,ok
1785407656937,20,ok
1785407656970,17,ok
1785407657001,17,ok
1785407657034,25,ok
1785407657073,66,ok
1785407657151,18,ok
1785407657184,18,ok
1785407657217,17,ok
1785407657246,19,ok
1785407657277,17,ok
1785407657307,17,ok
1785407657337,16,ok
1785407657367,17,ok
1785407657397,18,ok
1785407657430,17,ok
1785407657461,17,ok
1785407657490,17,ok
1785407657520,17,ok
1785407657551,16,ok
1785407657580,16,ok
1785407657609,16,ok
1785407657638,16,ok
1785407657666,16,ok
1785407657695,16,ok
1785407657724,17,ok
1785407657754,20,ok
1785407657787,18,ok
1785407657819,16,ok
1785407657850,17,ok
1785407657885,17,ok
1785407657915,17,ok
1785407657949,18,ok
1785407657979,19,ok
1785407658011,18,ok
1785407658042,17,ok
1785407658071,18,ok
1785407658106,17,ok
1785407658136,16,ok
1785407658169,17,ok
1785407658198,16,ok
1785407658228,17,ok
1785407658259,17,ok
1785407658289,21,ok
1785407658322,19,ok
1785407658354,19,ok
1785407658385,17,ok
1785407658419,17,ok
1785407658448,16,ok
1785407658477,16,ok
1785407658505,19,ok
1785407658537,18,ok
1785407658567,17,ok
1785407658597,17,ok
1785407658628,17,ok
1785407658658,16,ok
1785407658688,16,ok
1785407658718,16,ok
1785407658746,16,ok
1785407658775,17,ok
1785407658809,20,ok
1785407658842,17,ok
1785407658874,16,ok
1785407658903,16,ok
1785407658932,16,ok
1785407658962,16,ok
1785407658993,16,ok
1785407659021,18,ok
1785407659051,19,ok
1785407659082,18,ok
1785407659113,18,ok
1785407659144,17,ok
1785407659174,17,ok
1785407659204,17,ok
1785407659236,18,ok
1785407659268,17,ok
1785407659297,16,ok
1785407659326,21,ok
1785407659359,19,ok
1785407659392,16,ok
1785407659421,16,ok
1785407659450,16,ok
1785407659478,16,ok
1785407659508,16,ok
1785407659537,16,ok
1785407659566,20,ok
1785407659599,18,ok
1785407659632,18,ok
1785407659663,18,ok
1785407659693,17,ok
1785407659725,16,ok
1785407659756,17,ok
1785407659787,17,ok
1785407659821,17,ok
1785407659852,19,ok
1785407659885,21,ok
1785407659920,18,ok
1785407659952,17,ok
1785407659982,18,ok
1785407660015,18,ok
1785407660046,18,ok
1785407660076,18,ok
1785407660107,19,ok
1785407660140,19,ok
1785407660172,18,ok
1785407660204,18,ok
1785407660237,18,ok
1785407660267,19,ok
1785407660298,18,ok
1785407660330,17,ok
1785407660360,17,ok
1785407660391,18,ok
1785407660422,20,ok
1785407660457,17,ok
1785407660487,19,ok
1785407660518,18,ok
1785407660549,17,ok
1785407660579,16,ok
1785407660607,16,ok
1785407660636,18,ok
1785407660667,17,ok
1785407660699,17,ok
1785407660729,17,ok
1785407660758,16,ok
1785407660788,16,ok
1785407660820,16,ok
1785407660849,16,ok
1785407660878,17,ok
1785407660907,17,ok
1785407660938,20,ok
1785407660970,17,ok
1785407661001,16,ok
1785407661031,16,ok
1785407661060,16,ok
1785407661089,17,ok
1785407661121,16,ok
1785407661149,18,ok
1785407661179,19,ok
1785407661210,17,ok
1785407661240,17,ok
1785407661270,16,ok
1785407661302,17,ok
1785407661334,16,ok
1785407661363,17,ok
1785407661397,16,ok
1785407661430,18,ok
1785407661460,18,ok
1785407661491,17,ok
1785407661522,18,ok
1785407661556,17,ok
1785407661587,16,ok
1785407661617,16,ok
1785407661647,16,ok
1785407661676,19,ok
1785407661708,18,ok
1785407661739,17,ok
1785407661770,16,ok
1785407661799,16,ok
1785407661830,16,ok
1785407661858,16,ok
1785407661888,16,ok
1785407661920,18,ok
1785407661952,19,ok
1785407661983,18,ok
1785407662016,17,ok
1785407662048,16,ok
1785407662077,16,ok
1785407662109,17,ok
1785407662140,18,ok
1785407662174,19,ok
1785407662207,19,ok
1785407662238,19,ok
1785407662274,18,ok
1785407662306,18,ok
1785407662340,17,ok
1785407662371,16,ok
1785407662402,16,ok
1785407662433,17,ok
1785407662464,17,ok
1785407662494,19,ok
1785407662526,19,ok
1785407662558,17,ok
1785407662589,17,ok
1785407662619,17,ok
1785407662648,16,ok
1785407662677,17,ok
1785407662708,16,ok
1785407662738,19,ok
1785407662770,18,ok
1785407662799,17,ok
1785407662831,17,ok
1785407662863,17,ok
1785407662894,18,ok
1785407662925,18,ok
1785407662955,17,ok
1785407662985,16,ok
1785407663015,18,ok
1785407663048,20,ok
1785407663080,18,ok
1785407663112,18,ok
1785407663142,17,ok
1785407663174,18,ok
1785407663206,18,ok
1785407663237,18,ok
1785407663269,19,ok
1785407663300,18,ok
1785407663332,25,ok
1785407663369,17,ok
1785407663400,18,ok
1785407663431,18,ok
1785407663462,18,ok
1785407663494,18,ok
1785407663524,17,ok
1785407663558,18,ok
1785407663589,18,ok
1785407663620,17,ok
1785407663652,16,ok
1785407663681,16,ok
1785407663710,16,ok
1785407663740,16,ok
1785407663770,18,ok
1785407663800,19,ok
1785407663831,17,ok
1785407663863,17,ok
1785407663896,16,ok
1785407663924,17,ok
1785407663956,17,ok
1785407663987,16,ok
1785407664019,17,ok
1785407664051,18,ok
1785407664082,18,ok
1785407664114,22,ok
1785407664150,16,ok
1785407664179,17,ok
1785407664210,16,ok
1785407664239,16,ok
1785407664269,16,ok
1785407664299,17,ok
1785407664328,19,ok
1785407664360,18,ok
1785407664393,18,ok
1785407664425,17,ok
1785407664456,17,ok
1785407664485,17,ok
1785407664516,17,ok
1785407664547,17,ok
1785407664579,17,ok
1785407664611,20,ok
1785407664643,18,ok
1785407664675,16,ok
1785407664707,17,ok
1785407664740,16,ok
1785407664770,17,ok
1785407664803,19,ok
1785407664835,19,ok
1785407664866,17,ok
1785407664896,17,ok
1785407664929,18,ok
1785407664962,18,ok
1785407664995,16,ok
1785407665029,18,ok
1785407665059,17,ok
1785407665089,17,ok
1785407665121,18,ok
1785407665151,19,ok
1785407665183,17,ok
1785407665213,16,ok
1785407665241,17,ok
1785407665272,16,ok
1785407665302,17,ok
1785407665332,17,ok
1785407665362,21,ok
1785407665396,18,ok
1785407665426,16,ok
1785407665458,17,ok
1785407665489,18,ok
1785407665520,17,ok
1785407665551,17,ok
1785407665582,17,ok
1785407665611,17,ok
1785407665641,17,ok
1785407665670,19,ok
1785407665703,17,ok
1785407665736,17,ok
1785407665768,17,ok
1785407665802,17,ok
1785407665831,18,ok
1785407665863,16,ok
1785407665892,19,ok
1785407665925,18,ok
1785407665955,18,ok
1785407665986,17,ok
1785407666018,17,ok
1785407666050,17,ok
1785407666080,16,ok
1785407666113,16,ok
1785407666141,17,ok
1785407666170,18,ok
1785407666205,19,ok
1785407666239,18,ok
1785407666269,18,ok
1785407666300,17,ok
1785407666332,17,ok
1785407666360,17,ok
1785407666392,18,ok
1785407666425,18,ok
1785407666456,18,ok
1785407666489,17,ok
1785407666520,18,ok
1785407666551,17,ok
1785407666582,18,ok
1785407666614,17,ok
1785407666645,16,ok
1785407666673,16,ok
1785407666701,17,ok
1785407666732,19,ok
1785407666764,17,ok
1785407666793,17,ok
1785407666825,16,ok
1785407666859,16,ok
1785407666889,16,ok
1785407666918,17,ok
1785407666949,20,ok
1785407666982,17,ok
1785407667013,17,ok
1785407667044,18,ok
1785407667075,17,ok
1785407667105,16,ok
1785407667136,18,ok
1785407667169,18,ok
1785407667200,17,ok
1785407667229,19,ok
1785407667261,18,ok
1785407667292,17,ok
1785407667321,17,ok
1785407667350,17,ok
1785407667380,17,ok
1785407667411,17,ok
1785407667443,17,ok
1785407667474,19,ok
1785407667507,18,ok
1785407667542,17,ok
1785407667571,17,ok
1785407667602,17,ok
1785407667633,18,ok
1785407667665,17,ok
1785407667695,16,ok
1785407667725,18,ok
1785407667757,19,ok
1785407667793,19,ok
1785407667826,18,ok
1785407667859,16,ok
1785407667889,16,ok
1785407667918,17,ok
1785407667948,18,ok
1785407667981,18,ok
1785407668012,19,ok
1785407668044,17,ok
1785407668075,17,ok
1785407668106,16,ok
1785407668137,16,ok
1785407668168,16,ok
1785407668198,16,ok
1785407668227,16,ok
1785407668256,16,ok
1785407668286,20,ok
1785407668319,19,ok
1785407668351,17,ok
1785407668383,18,ok
1785407668413,18,ok
1785407668447,17,ok
1785407668477,17,ok
1785407668506,18,ok
1785407668537,18,ok
1785407668570,17,ok
1785407668600,18,ok
1785407668632,18,ok
1785407668662,17,ok
1785407668698,17,ok
1785407668727,17,ok
1785407668758,16,ok
1785407668790,17,ok
1785407668821,20,ok
1785407668854,18,ok
1785407668884,17,ok
1785407668914,18,ok
1785407668949,17,ok
1785407668979,18,ok
1785407669011,17,ok
1785407669040,18,ok
1785407669071,18,ok
1785407669103,17,ok
1785407669133,17,ok
1785407669163,17,ok
1785407669193,17,ok
1785407669222,17,ok
1785407669256,17,ok
1785407669284,17,ok
1785407669315,18,ok
1785407669347,18,ok
1785407669378,17,ok
1785407669409,17,ok
1785407669439,17,ok
1785407669469,17,ok
1785407669500,17,ok
1785407669529,17,ok
1785407669559,19,ok
1785407669593,18,ok
1785407669624,17,ok
1785407669655,17,ok
1785407669684,16,ok
1785407669714,16,ok
1785407669746,17,ok
1785407669778,17,ok
1785407669808,16,ok
1785407669836,18,ok
1785407669873,22,ok
1785407669906,18,ok
1785407669941,17,ok
1785407669971,17,ok
1785407670003,16,ok
1785407670035,17,ok
1785407670065,17,ok
1785407670095,19,ok
1785407670127,18,ok
1785407670158,18,ok
1785407670189,17,ok
1785407670218,16,ok
1785407670248,16,ok
1785407670276,16,ok
1785407670307,16,ok
1785407670338,16,ok
1785407670368,18,ok
1785407670401,19,ok
1785407670432,17,ok
1785407670461,17,ok
1785407670491,18,ok
1785407670522,18,ok
1785407670553,18,ok
1785407670585,19,ok
1785407670617,20,ok
1785407670649,19,ok
1785407670681,17,ok
1785407670711,18,ok
1785407670742,18,ok
1785407670774,17,ok
1785407670804,18,ok
1785407670836,18,ok
1785407670869,17,ok
1785407670900,18,ok
1785407670930,19,ok
1785407670963,18,ok
1785407670997,18,ok
1785407671032,18,ok
1785407671067,19,ok
1785407671102,18,ok
1785407671133,18,ok
1785407671164,19,ok
1785407671197,18,ok
1785407671229,17,ok
1785407671263,18,ok
1785407671295,18,ok
1785407671330,18,ok
1785407671362,18,ok
1785407671392,18,ok
1785407671425,18,ok
1785407671460,19,ok
1785407671492,17,ok
1785407671521,17,ok
1785407671552,17,ok
1785407671583,16,ok
1785407671613,16,ok
1785407671645,17,ok
1785407671674,18,ok
1785407671705,18,ok
1785407671737,17,ok
1785407671772,18,ok
1785407671804,17,ok
1785407671834,16,ok
1785407671868,17,ok
1785407671898,17,ok
1785407671928,16,ok
1785407671956,17,ok
1785407671987,20,ok
1785407672022,18,ok
1785407672053,16,ok
1785407672082,17,ok
1785407672111,16,ok
1785407672143,16,ok
1785407672173,17,ok
1785407672203,19,ok
1785407672234,18,ok
1785407672265,17,ok
1785407672297,18,ok
1785407672328,17,ok
1785407672359,17,ok
1785407672390,18,ok
1785407672422,18,ok
1785407672452,18,ok
1785407672482,19,ok
1785407672514,20,ok
1785407672547,18,ok
1785407672578,16,ok
1785407672607,18,ok
1785407672639,18,ok
1785407672670,18,ok
1785407672701,16,ok
1785407672729,19,ok
1785407672761,18,ok
1785407672793,18,ok
1785407672825,17,ok
1785407672855,16,ok
1785407672884,16,ok
1785407672915,17,ok
1785407672945,18,ok
1785407672976,17,ok
1785407673010,19,ok
1785407673044,19,ok
1785407673075,17,ok
1785407673104,17,ok
1785407673136,17,ok
1785407673167,16,ok
1785407673197,17,ok
1785407673226,18,ok
1785407673256,18,ok
1785407673288,17,ok
1785407673318,17,ok
1785407673351,17,ok
1785407673382,16,ok
1785407673415,17,ok
1785407673446,18,ok
1785407673478,17,ok
1785407673507,16,ok
1785407673538,20,ok
1785407673571,17,ok
1785407673601,17,ok
1785407673631,17,ok
1785407673661,17,ok
1785407673693,18,ok
1785407673724,17,ok
1785407673758,20,ok
1785407673791,19,ok
1785407673823,18,ok
1785407673854,17,ok
1785407673884,17,ok
1785407673914,17,ok
1785407673943,16,ok
1785407673974,17,ok
1785407674006,18,ok
1785407674038,18,ok
1785407674068,19,ok
1785407674102,18,ok
1785407674132,18,ok
1785407674162,17,ok
1785407674191,18,ok
1785407674224,18,ok
1785407674256,17,ok
1785407674286,18,ok
1785407674318,19,ok
1785407674349,17,ok
1785407674380,17,ok
1785407674411,17,ok
1785407674442,17,ok
1785407674474,17,ok
1785407674503,16,ok
1785407674534,17,ok
1785407674565,18,ok
1785407674595,19,ok
1785407674627,18,ok
1785407674657,17,ok
1785407674687,18,ok
1785407674719,17,ok
1785407674752,17,ok
1785407674782,18,ok
1785407674817,19,ok
1785407674849,17,ok
1785407674879,17,ok
1785407674910,17,ok
1785407674941,17,ok
1785407674972,18,ok
1785407675003,18,ok
1785407675034,17,ok
1785407675064,19,ok
1785407675096,19,ok
1785407675127,20,ok
1785407675162,18,ok
1785407675197,17,ok
1785407675227,18,ok
1785407675262,16,ok
1785407675292,16,ok
1785407675321,17,ok
1785407675351,18,ok
1785407675382,18,ok
1785407675414,16,ok
1785407675443,16,ok
1785407675475,16,ok
1785407675505,16,ok
1785407675535,17,ok
1785407675565,16,ok
1785407675595,18,ok
1785407675626,18,ok
1785407675658,19,ok
1785407675695,17,ok
1785407675726,16,ok
1785407675757,16,ok
1785407675785,17,ok
1785407675816,16,ok
1785407675844,16,ok
1785407675872,19,ok
1785407675903,18,ok
1785407675935,17,ok
1785407675964,16,ok
1785407675994,16,ok
1785407676022,16,ok
1785407676053,16,ok
1785407676082,16,ok
1785407676117,19,ok
1785407676149,20,ok
1785407676182,18,ok
1785407676215,17,ok
1785407676245,17,ok
1785407676277,16,ok
1785407676305,16,ok
1785407676334,16,ok
1785407676367,16,ok
1785407676395,19,ok
1785407676426,17,ok
1785407676456,17,ok
1785407676487,16,ok
1785407676517,16,ok
1785407676547,16,ok
1785407676578,16,ok
1785407676607,17,ok
1785407676636,17,ok
1785407676666,19,ok
1785407676702,18,ok
1785407676733,16,ok
1785407676762,16,ok
1785407676793,17,ok
1785407676822,16,ok
1785407676853,17,ok
1785407676887,19,ok
1785407676920,19,ok
1785407676954,16,ok
1785407676984,17,ok
1785407677015,17,ok
1785407677049,17,ok
1785407677079,16,ok
1785407677108,16,ok
1785407677138,16,ok
1785407677167,17,ok
1785407677198,19,ok
1785407677229,18,ok
1785407677260,16,ok
1785407677289,16,ok
1785407677323,17,ok
1785407677352,16,ok
1785407677383,16,ok
1785407677412,17,ok
1785407677442,18,ok
1785407677475,18,ok
1785407677509,17,ok
1785407677539,17,ok
1785407677568,17,ok
1785407677597,17,ok
1785407677627,16,ok
1785407677660,16,ok
1785407677691,17,ok
1785407677721,19,ok
1785407677753,17,ok
1785407677786,17,ok
1785407677820,18,ok
1785407677851,16,ok
1785407677881,16,ok
1785407677914,18,ok
1785407677945,18,ok
1785407677975,17,ok
1785407678005,17,ok
1785407678037,18,ok
1785407678068,17,ok
1785407678101,17,ok
1785407678131,18,ok
1785407678161,18,ok
1785407678194,17,ok
1785407678224,18,ok
1785407678256,19,ok
1785407678290,18,ok
1785407678322,16,ok
1785407678352,17,ok
1785407678382,17,ok
1785407678413,17,ok
1785407678446,16,ok
1785407678478,18,ok
1785407678511,17,ok
1785407678542,17,ok
1785407678572,17,ok
1785407678603,17,ok
1785407678632,17,ok
1785407678662,17,ok
1785407678697,17,ok
1785407678731,16,ok
1785407678759,19,ok
1785407678790,19,ok
1785407678823,17,ok
1785407678855,17,ok
1785407678885,17,ok
1785407678915,17,ok
1785407678944,16,ok
1785407678974,17,ok
1785407679005,18,ok
1785407679036,17,ok
1785407679065,17,ok
1785407679097,16,ok
1785407679127,16,ok
1785407679156,17,ok
1785407679187,18,ok
1785407679217,18,ok
1785407679250,19,ok
1785407679284,21,ok
1785407679320,18,ok
1785407679351,18,ok
1785407679383,17,ok
1785407679415,17,ok
1785407679445,16,ok
1785407679474,16,ok
1785407679507,18,ok
1785407679538,18,ok
1785407679568,17,ok
1785407679599,18,ok
1785407679629,17,ok
1785407679659,16,ok
1785407679688,16,ok
1785407679721,16,ok
1785407679753,17,ok
1785407679783,19,ok
1785407679816,20,ok
1785407679848,18,ok
1785407679883,18,ok
1785407679916,19,ok
1785407679950,17,ok
1785407679980,16,ok
1785407680011,17,ok
1785407680041,19,ok
1785407680072,17,ok
1785407680104,17,ok
1785407680137,17,ok
1785407680166,18,ok
1785407680197,17,ok
1785407680227,16,ok
1785407680256,16,ok
1785407680287,17,ok
1785407680319,18,ok
1785407680351,18,ok
1785407680382,17,ok
1785407680414,18,ok
1785407680444,17,ok
1785407680473,17,ok
1785407680503,18,ok
1785407680534,16,ok
1785407680564,18,ok
1785407680596,18,ok
1785407680627,17,ok
1785407680657,16,ok
1785407680686,17,ok
1785407680720,18,ok
1785407680752,17,ok
1785407680782,16,ok
1785407680811,16,ok
1785407680843,18,ok
1785407680874,19,ok
1785407680910,17,ok
1785407680940,17,ok
1785407680969,17,ok
1785407680999,17,ok
1785407681030,17,ok
1785407681064,17,ok
1785407681095,22,ok
1785407681129,19,ok
1785407681164,19,ok
1785407681198,18,ok
1785407681230,18,ok
1785407681260,17,ok
1785407681289,18,ok
1785407681322,17,ok
1785407681353,17,ok
1785407681385,21,ok
1785407681418,19,ok
1785407681450,18,ok
1785407681482,18,ok
1785407681512,18,ok
1785407681546,18,ok
1785407681582,17,ok
1785407681611,19,ok
1785407681643,18,ok
1785407681674,17,ok
1785407681705,18,ok
1785407681740,18,ok
1785407681772,17,ok
1785407681802,17,ok
1785407681833,17,ok
1785407681862,16,ok
1785407681894,20,ok
1785407681927,19,ok
1785407681960,18,ok
1785407681993,17,ok
1785407682023,18,ok
1785407682054,18,ok
1785407682087,17,ok
1785407682116,17,ok
1785407682145,19,ok
1785407682180,19,ok
1785407682213,17,ok
1785407682247,16,ok
1785407682276,16,ok
1785407682306,17,ok
1785407682340,17,ok
1785407682369,17,ok
1785407682401,18,ok
1785407682432,23,ok
1785407682467,17,ok
1785407682498,16,ok
1785407682527,18,ok
1785407682557,17,ok
1785407682589,16,ok
1785407682618,16,ok
1785407682648,18,ok
1785407682682,20,ok
1785407682714,17,ok
1785407682746,18,ok
1785407682779,17,ok
1785407682810,16,ok
1785407682843,16,ok
1785407682875,17,ok
1785407682905,16,ok
1785407682934,20,ok
1785407682966,19,ok
1785407682999,17,ok
1785407683031,18,ok
1785407683063,17,ok
1785407683094,16,ok
1785407683124,16,ok
1785407683154,17,ok
1785407683185,18,ok
1785407683217,18,ok
1785407683249,17,ok
1785407683280,17,ok
1785407683314,16,ok
1785407683347,16,ok
1785407683378,16,ok
1785407683410,17,ok
1785407683440,16,ok
1785407683470,17,ok
1785407683501,17,ok
1785407683533,17,ok
1785407683564,17,ok
1785407683596,19,ok
1785407683628,17,ok
1785407683657,16,ok
1785407683687,18,ok
1785407683717,19,ok
1785407683749,17,ok
1785407683779,17,ok
1785407683808,16,ok
1785407683838,16,ok
1785407683866,16,ok
1785407683895,16,ok
1785407683923,17,ok
1785407683954,18,ok
1785407683984,20,ok
1785407684017,18,ok
1785407684047,16,ok
1785407684077,17,ok
1785407684108,17,ok
1785407684142,17,ok
1785407684172,17,ok
1785407684203,17,ok
1785407684234,19,ok
1785407684265,18,ok
1785407684295,17,ok
1785407684328,16,ok
1785407684359,16,ok
1785407684388,16,ok
1785407684420,18,ok
1785407684449,17,ok
1785407684479,17,ok
1785407684509,19,ok
1785407684542,17,ok
1785407684571,16,ok
1785407684600,17,ok
1785407684631,17,ok
1785407684660,18,ok
1785407684691,16,ok
1785407684721,18,ok
1785407684750,18,ok
1785407684782,19,ok
1785407684815,18,ok
1785407684847,18,ok
1785407684878,17,ok
1785407684908,16,ok
1785407684937,16,ok
1785407684970,17,ok
1785407685001,18,ok
1785407685031,19,ok
1785407685063,18,ok
1785407685095,19,ok
1785407685128,18,ok
1785407685158,18,ok
1785407685191,18,ok
1785407685222,17,ok
1785407685253,18,ok
1785407685285,19,ok
1785407685316,16,ok
1785407685347,17,ok
1785407685378,17,ok
1785407685409,19,ok
1785407685440,17,ok
1785407685471,17,ok
1785407685500,17,ok
1785407685532,18,ok
1785407685564,19,ok
1785407685596,18,ok
1785407685628,18,ok
1785407685660,17,ok
1785407685691,18,ok
1785407685721,18,ok
1785407685751,18,ok
1785407685785,19,ok
1785407685816,18,ok
1785407685847,17,ok
1785407685878,18,ok
1785407685910,18,ok
1785407685945,17,ok
1785407685974,17,ok
1785407686004,18,ok
1785407686034,18,ok
1785407686066,19,ok
1785407686098,19,ok
1785407686133,17,ok
1785407686164,16,ok
1785407686194,17,ok
1785407686226,17,ok
1785407686256,17,ok
1785407686287,18,ok
1785407686319,20,ok
1785407686353,17,ok
1785407686382,17,ok
1785407686412,17,ok
1785407686443,18,ok
1785407686474,17,ok
1785407686506,18,ok
1785407686538,18,ok
1785407686569,19,ok
1785407686603,20,ok
1785407686636,17,ok
1785407686666,17,ok
1785407686697,16,ok
1785407686725,16,ok
1785407686754,17,ok
1785407686785,18,ok
1785407686816,19,ok
1785407686847,19,ok
1785407686879,17,ok
1785407686909,17,ok
1785407686940,16,ok
1785407686971,17,ok
1785407687003,17,ok
1785407687032,17,ok
1785407687062,16,ok
1785407687091,19,ok
1785407687121,19,ok
1785407687154,17,ok
1785407687184,17,ok
1785407687214,17,ok
1785407687244,17,ok
1785407687274,19,ok
1785407687305,18,ok
1785407687336,19,ok
1785407687367,19,ok
1785407687399,17,ok
1785407687431,19,ok
1785407687463,19,ok
1785407687495,18,ok
1785407687527,18,ok
1785407687561,20,ok
1785407687599,17,ok
1785407687629,18,ok
1785407687662,17,ok
1785407687693,16,ok
1785407687723,17,ok
1785407687752,26,ok
1785407687792,32,ok
1785407687837,19,ok
1785407687870,20,ok
1785407687904,18,ok
1785407687935,17,ok
1785407687970,18,ok
1785407688002,17,ok
1785407688034,17,ok
1785407688067,20,ok
1785407688100,19,ok
1785407688134,18,ok
1785407688166,18,ok
1785407688198,18,ok
1785407688230,18,ok
1785407688264,17,ok
1785407688295,18,ok
1785407688326,18,ok
1785407688356,16,ok
1785407688385,18,ok
1785407688416,17,ok
1785407688448,17,ok
1785407688477,17,ok
1785407688509,19,ok
1785407688540,20,ok
1785407688573,18,ok
1785407688603,16,ok
1785407688633,17,ok
1785407688664,18,ok
1785407688695,17,ok
1785407688727,17,ok
1785407688757,18,ok
1785407688789,18,ok
1785407688820,17,ok
1785407688852,17,ok
1785407688882,18,ok
1785407688913,18,ok
1785407688945,17,ok
1785407688974,16,ok
1785407689005,19,ok
1785407689036,19,ok
1785407689069,18,ok
1785407689100,18,ok
1785407689135,17,ok
1785407689167,16,ok
1785407689195,17,ok
1785407689224,18,ok
1785407689256,18,ok
1785407689288,18,ok
1785407689319,17,ok
1785407689350,17,ok
1785407689384,18,ok
1785407689414,16,ok
1785407689443,16,ok
1785407689471,16,ok
1785407689501,18,ok
1785407689532,16,ok
1785407689561,18,ok
1785407689591,17,ok
1785407689621,17,ok
1785407689652,16,ok
1785407689681,17,ok
1785407689710,16,ok
1785407689741,18,ok
1785407689772,20,ok
1785407689803,17,ok
1785407689835,18,ok
1785407689866,17,ok
1785407689895,17,ok
1785407689930,16,ok
1785407689959,16,ok
1785407689988,19,ok
1785407690021,19,ok
1785407690053,16,ok
1785407690086,17,ok
1785407690116,18,ok
1785407690147,17,ok
1785407690177,16,ok
1785407690205,17,ok
1785407690235,18,ok
1785407690267,17,ok
1785407690297,17,ok
1785407690327,18,ok
1785407690358,17,ok
1785407690388,16,ok
1785407690419,16,ok
1785407690448,16,ok
1785407690478,17,ok
1785407690507,27,ok
1785407690549,18,ok
1785407690581,19,ok
1785407690613,17,ok
1785407690643,17,ok
1785407690674,18,ok
1785407690705,17,ok
1785407690736,19,ok
1785407690769,19,ok
1785407690801,18,ok
1785407690833,18,ok
1785407690863,17,ok
1785407690893,17,ok
1785407690923,17,ok
1785407690954,16,ok
1785407690985,17,ok
1785407691015,20,ok
1785407691047,19,ok
1785407691079,18,ok
1785407691112,18,ok
1785407691145,17,ok
1785407691177,17,ok
1785407691207,17,ok
1785407691236,19,ok
1785407691268,19,ok
1785407691302,17,ok
1785407691332,17,ok
1785407691365,17,ok
1785407691396,17,ok
1785407691425,18,ok
1785407691457,18,ok
1785407691489,17,ok
1785407691522,19,ok
1785407691554,19,ok
1785407691586,17,ok
1785407691616,16,ok
1785407691646,17,ok
1785407691676,17,ok
1785407691711,16,ok
1785407691745,16,ok
1785407691774,19,ok
1785407691807,18,ok
1785407691838,16,ok
1785407691868,17,ok
1785407691898,16,ok
1785407691928,18,ok
1785407691959,17,ok
1785407691989,16,ok
1785407692018,18,ok
1785407692051,18,ok
1785407692083,19,ok
1785407692116,18,ok
1785407692151,17,ok
1785407692181,16,ok
1785407692212,16,ok
1785407692241,16,ok
1785407692272,17,ok
1785407692302,18,ok
1785407692333,18,ok
1785407692365,17,ok
1785407692394,17,ok
1785407692427,17,ok
1785407692459,16,ok
1785407692488,17,ok
1785407692518,18,ok
1785407692549,16,ok
1785407692579,17,ok
1785407692612,18,ok
1785407692645,18,ok
1785407692677,17,ok
1785407692709,17,ok
1785407692738,17,ok
1785407692768,16,ok
1785407692797,16,ok
1785407692827,17,ok
1785407692857,18,ok
1785407692887,18,ok
1785407692918,17,ok
1785407692953,17,ok
1785407692982,17,ok
1785407693013,17,ok
1785407693043,17,ok
1785407693073,17,ok
1785407693107,17,ok
1785407693141,17,ok
1785407693171,19,ok
1785407693205,19,ok
1785407693236,17,ok
1785407693267,17,ok
1785407693298,18,ok
1785407693330,18,ok
1785407693361,18,ok
1785407693393,17,ok
1785407693424,18,ok
1785407693455,16,ok
1785407693482,18,ok
1785407693513,17,ok
1785407693542,17,ok
1785407693571,18,ok
1785407693603,17,ok
1785407693638,18,ok
1785407693669,16,ok
1785407693700,17,ok
1785407693732,19,ok
1785407693764,18,ok
1785407693796,19,ok
1785407693828,18,ok
1785407693860,18,ok
1785407693895,18,ok
1785407693926,18,ok
1785407693957,19,ok
1785407693988,16,ok
1785407694023,18,ok
1785407694053,17,ok
1785407694083,17,ok
1785407694114,16,ok
1785407694143,16,ok
1785407694173,16,ok
1785407694205,16,ok
1785407694234,17,ok
1785407694265,19,ok
1785407694299,19,ok
1785407694330,18,ok
1785407694362,18,ok
1785407694394,17,ok
1785407694427,17,ok
1785407694460,17,ok
1785407694490,18,ok
1785407694520,18,ok
1785407694552,17,ok
1785407694583,17,ok
1785407694614,18,ok
1785407694645,18,ok
1785407694677,18,ok
1785407694707,18,ok
1785407694738,17,ok
1785407694771,17,ok
1785407694803,18,ok
1785407694834,20,ok
1785407694867,19,ok
1785407694899,17,ok
1785407694930,17,ok
1785407694960,17,ok
1785407694991,17,ok
1785407695023,18,ok
1785407695054,19,ok
1785407695086,19,ok
1785407695118,17,ok
1785407695147,17,ok
1785407695177,17,ok
1785407695206,16,ok
1785407695236,16,ok
1785407695265,18,ok
1785407695296,17,ok
1785407695330,16,ok
1785407695360,16,ok
1785407695390,18,ok
1785407695421,19,ok
1785407695452,17,ok
1785407695481,18,ok
1785407695513,18,ok
1785407695544,17,ok
1785407695575,16,ok
1785407695604,18,ok
1785407695635,17,ok
1785407695665,17,ok
1785407695695,16,ok
1785407695726,17,ok
1785407695756,17,ok
1785407695791,17,ok
1785407695821,16,ok
1785407695850,16,ok
1785407695878,16,ok
1785407695907,16,ok
1785407695938,16,ok
1785407695966,19,ok
1785407695998,22,ok
1785407696032,17,ok
1785407696063,16,ok
1785407696093,16,ok
1785407696122,16,ok
1785407696152,16,ok
1785407696181,17,ok
1785407696212,20,ok
1785407696243,17,ok
1785407696274,17,ok
1785407696304,16,ok
1785407696332,17,ok
1785407696364,17,ok
1785407696395,18,ok
1785407696426,17,ok
1785407696456,17,ok
1785407696487,16,ok
1785407696518,16,ok
1785407696547,17,ok
1785407696577,18,ok
1785407696608,18,ok
1785407696643,17,ok
1785407696674,17,ok
1785407696703,17,ok
1785407696734,17,ok
1785407696767,18,ok
1785407696797,19,ok
1785407696828,18,ok
1785407696859,17,ok
1785407696889,17,ok
1785407696920,17,ok
1785407696955,17,ok
1785407696985,17,ok
1785407697016,16,ok
1785407697045,16,ok
1785407697074,16,ok
1785407697105,16,ok
1785407697134,17,ok
1785407697164,19,ok
1785407697197,18,ok
1785407697227,17,ok
1785407697256,17,ok
1785407697285,16,ok
1785407697317,17,ok
1785407697346,16,ok
1785407697376,18,ok
1785407697406,18,ok
1785407697437,17,ok
1785407697468,17,ok
1785407697497,16,ok
1785407697527,16,ok
1785407697558,16,ok
1785407697588,16,ok
1785407697617,16,ok
1785407697646,16,ok
1785407697674,16,ok
1785407697706,16,ok
1785407697740,19,ok
1785407697772,20,ok
1785407697805,17,ok
1785407697834,16,ok
1785407697868,16,ok
1785407697898,16,ok
1785407697928,17,ok
1785407697958,18,ok
1785407697988,17,ok
1785407698018,17,ok
1785407698047,18,ok
1785407698079,18,ok
1785407698111,17,ok
1785407698145,19,ok
1785407698178,17,ok
1785407698208,17,ok
1785407698237,16,ok
1785407698271,16,ok
1785407698300,17,ok
1785407698332,16,ok
1785407698361,18,ok
1785407698392,17,ok
1785407698421,17,ok
1785407698453,17,ok
1785407698484,17,ok
1785407698517,17,ok
1785407698548,17,ok
1785407698576,17,ok
1785407698607,17,ok
1785407698637,16,ok
1785407698665,17,ok
1785407698696,16,ok
1785407698726,17,ok
1785407698755,16,ok
1785407698784,16,ok
1785407698812,16,ok
1785407698841,17,ok
1785407698871,17,ok
1785407698903,16,ok
1785407698931,16,ok
1785407698961,17,ok
1785407698990,19,ok
1785407699024,17,ok
1785407699053,17,ok
1785407699083,17,ok
1785407699115,16,ok
1785407699144,16,ok
1785407699172,16,ok
1785407699202,19,ok
1785407699234,18,ok
1785407699266,17,ok
1785407699300,17,ok
1785407699329,17,ok
1785407699359,17,ok
1785407699393,17,ok
1785407699424,17,ok
1785407699453,16,ok
1785407699483,17,ok
1785407699513,17,ok
1785407699543,18,ok
1785407699575,19,ok
1785407699607,18,ok
1785407699639,18,ok
1785407699670,17,ok
1785407699703,17,ok
1785407699734,17,ok
1785407699763,17,ok
1785407699796,44,ok
1785407699855,24,ok
1785407699893,17,ok
1785407699923,17,ok
1785407699954,18,ok
1785407699985,17,ok
1785407700016,16,ok
1785407700045,16,ok
1785407700074,16,ok
1785407700102,16,ok
1785407700131,16,ok
1785407700160,16,ok
1785407700188,17,ok
1785407700219,17,ok
1785407700252,17,ok
1785407700283,19,ok
1785407700315,17,ok
1785407700345,16,ok
1785407700376,16,ok
1785407700408,16,ok
1785407700438,16,ok
1785407700469,18,ok
1785407700499,19,ok
1785407700531,17,ok
1785407700562,17,ok
1785407700593,17,ok
1785407700623,17,ok
1785407700655,17,ok
1785407700687,16,ok
1785407700717,16,ok
1785407700746,16,ok
1785407700776,17,ok
1785407700806,16,ok
1785407700838,16,ok
1785407700867,16,ok
1785407700896,18,ok
1785407700927,18,ok
1785407700957,17,ok
1785407700990,17,ok
1785407701021,17,ok
1785407701056,16,ok
1785407701086,17,ok
1785407701117,19,ok
1785407701148,18,ok
1785407701183,18,ok
1785407701214,18,ok
1785407701248,16,ok
1785407701282,17,ok
1785407701312,16,ok
1785407701342,16,ok
1785407701372,16,ok
1785407701400,16,ok
1785407701428,16,ok
1785407701460,16,ok
1785407701488,16,ok
1785407701517,18,ok
1785407701550,20,ok
1785407701583,18,ok
1785407701613,17,ok
1785407701643,16,ok
1785407701673,17,ok
1785407701704,17,ok
1785407701734,17,ok
1785407701765,19,ok
1785407701797,18,ok
1785407701832,17,ok
1785407701861,17,ok
1785407701891,16,ok
1785407701923,16,ok
1785407701953,16,ok
1785407701981,17,ok
1785407702014,16,ok
1785407702047,16,ok
1785407702077,16,ok
1785407702110,17,ok
1785407702139,17,ok
1785407702168,16,ok
1785407702198,19,ok
1785407702230,17,ok
1785407702261,16,ok
1785407702290,16,ok
1785407702320,16,ok
1785407702349,17,ok
1785407702378,17,ok
1785407702408,18,ok
1785407702440,19,ok
1785407702477,19,ok
1785407702509,18,ok
1785407702540,18,ok
1785407702573,17,ok
1785407702604,16,ok
1785407702636,18,ok
1785407702667,19,ok
1785407702700,17,ok
1785407702731,17,ok
1785407702760,18,ok
1785407702792,18,ok
1785407702822,17,ok
1785407702852,18,ok
1785407702884,19,ok
1785407702918,18,ok
1785407702949,17,ok
1785407702981,18,ok
1785407703013,17,ok
1785407703044,18,ok
1785407703076,20,ok
1785407703109,17,ok
1785407703139,17,ok
1785407703172,17,ok
1785407703202,17,ok
1785407703231,17,ok
1785407703261,16,ok
1785407703291,16,ok
1785407703320,17,ok
1785407703351,17,ok
1785407703380,16,ok
1785407703410,17,ok
1785407703440,16,ok
1785407703468,16,ok
1785407703496,16,ok
1785407703526,18,ok
1785407703560,18,ok
1785407703591,17,ok
1785407703620,17,ok
1785407703651,16,ok
1785407703683,16,ok
1785407703712,21,ok
1785407703749,20,ok
1785407703783,18,ok
1785407703814,18,ok
1785407703849,19,ok
1785407703882,18,ok
1785407703914,16,ok
1785407703944,16,ok
1785407703974,17,ok
1785407704003,16,ok
1785407704031,16,ok
1785407704064,16,ok
1785407704093,16,ok
1785407704121,16,ok
1785407704151,17,ok
1785407704180,17,ok
1785407704212,18,ok
1785407704243,19,ok
1785407704276,17,ok
1785407704307,17,ok
1785407704337,16,ok
1785407704367,17,ok
1785407704397,17,ok
1785407704427,19,ok
1785407704458,18,ok
1785407704491,17,ok
1785407704521,17,ok
1785407704554,17,ok
1785407704584,16,ok
1785407704615,16,ok
1785407704647,16,ok
1785407704679,16,ok
1785407704708,16,ok
1785407704736,16,ok
1785407704767,16,ok
1785407704797,16,ok
1785407704827,16,ok
1785407704856,17,ok
1785407704888,18,ok
1785407704919,20,ok
1785407704955,16,ok
1785407704983,16,ok
1785407705014,16,ok
1785407705042,17,ok
1785407705073,16,ok
1785407705102,17,ok
1785407705134,18,ok
1785407705165,16,ok
1785407705194,16,ok
1785407705225,17,ok
1785407705255,16,ok
1785407705283,16,ok
1785407705312,16,ok
1785407705341,16,ok
1785407705369,16,ok
1785407705398,16,ok
1785407705428,17,ok
1785407705457,17,ok
1785407705486,17,ok
1785407705520,16,ok
1785407705549,18,ok
1785407705579,18,ok
1785407705612,21,ok
1785407705647,18,ok
1785407705678,18,ok
1785407705708,18,ok
1785407705740,17,ok
1785407705771,16,ok
1785407705801,18,ok
1785407705833,18,ok
1785407705863,18,ok
1785407705895,17,ok
1785407705926,18,ok
1785407705957,17,ok
1785407705987,17,ok
1785407706016,17,ok
1785407706046,17,ok
1785407706075,16,ok
1785407706105,16,ok
1785407706135,16,ok
1785407706164,17,ok
1785407706198,17,ok
1785407706232,18,ok
1785407706264,17,ok
1785407706300,18,ok
1785407706332,19,ok
1785407706365,19,ok
1785407706396,17,ok
1785407706432,17,ok
1785407706461,16,ok
1785407706491,16,ok
1785407706521,18,ok
1785407706551,19,ok
1785407706585,18,ok
1785407706616,17,ok
1785407706645,18,ok
1785407706677,18,ok
1785407706707,18,ok
1785407706739,17,ok
1785407706770,17,ok
1785407706800,18,ok
1785407706837,18,ok
1785407706868,18,ok
1785407706900,18,ok
1785407706932,18,ok
1785407706963,19,ok
1785407706999,18,ok
1785407707032,20,ok
1785407707066,18,ok
1785407707096,17,ok
1785407707127,17,ok
1785407707158,18,ok
1785407707188,17,ok
1785407707219,18,ok
1785407707251,18,ok
1785407707282,17,ok
1785407707313,18,ok
1785407707345,17,ok
1785407707375,18,ok
1785407707406,17,ok
1785407707437,17,ok
1785407707466,18,ok
1785407707497,18,ok
1785407707529,18,ok
1785407707561,17,ok
1785407707590,18,ok
1785407707623,17,ok
1785407707654,16,ok
1785407707683,17,ok
1785407707714,18,ok
1785407707745,19,ok
1785407707777,19,ok
1785407707809,18,ok
1785407707839,17,ok
1785407707869,17,ok
1785407707898,17,ok
1785407707928,18,ok
1785407707959,19,ok
1785407707994,18,ok
1785407708024,18,ok
1785407708056,18,ok
1785407708088,18,ok
1785407708123,17,ok
1785407708153,17,ok
1785407708187,17,ok
1785407708218,18,ok
1785407708249,18,ok
1785407708279,18,ok
1785407708312,19,ok
1785407708344,19,ok
1785407708380,18,ok
1785407708412,18,ok
1785407708447,18,ok
1785407708479,20,ok
1785407708514,20,ok
1785407708546,18,ok
1785407708581,18,ok
1785407708613,19,ok
1785407708645,18,ok
1785407708676,19,ok
1785407708708,19,ok
1785407708739,19,ok
1785407708772,20,ok
1785407708806,17,ok
1785407708836,18,ok
1785407708867,18,ok
1785407708901,18,ok
1785407708933,18,ok
1785407708965,18,ok
1785407708996,17,ok
1785407709027,17,ok
1785407709057,18,ok
1785407709089,18,ok
1785407709119,18,ok
1785407709150,17,ok
1785407709181,16,ok
1785407709211,17,ok
1785407709243,20,ok
1785407709277,17,ok
1785407709307,17,ok
1785407709338,17,ok
1785407709370,16,ok
1785407709402,18,ok
1785407709433,18,ok
1785407709463,18,ok
1785407709496,17,ok
1785407709527,16,ok
1785407709555,17,ok
1785407709587,16,ok
1785407709617,16,ok
1785407709646,16,ok
1785407709675,17,ok
1785407709705,17,ok
1785407709736,18,ok
1785407709767,16,ok
1785407709798,17,ok
1785407709833,17,ok
1785407709867,17,ok
1785407709899,17,ok
1785407709928,17,ok
1785407709958,26,ok
1785407709997,20,ok
1785407710032,17,ok
1785407710062,16,ok
1785407710091,16,ok
1785407710120,16,ok
1785407710152,18,ok
1785407710183,19,ok
1785407710215,17,ok
1785407710247,17,ok
1785407710276,18,ok
1785407710311,19,ok
1785407710346,17,ok
1785407710378,17,ok
1785407710411,17,ok
1785407710442,17,ok
1785407710472,17,ok
1785407710503,21,ok
1785407710540,18,ok
1785407710571,17,ok
1785407710603,17,ok
1785407710634,17,ok
1785407710665,17,ok
1785407710699,17,ok
1785407710729,20,ok
1785407710763,18,ok
1785407710795,17,ok
1785407710826,18,ok
1785407710858,17,ok
1785407710889,19,ok
1785407710920,19,ok
1785407710954,18,ok
1785407710985,17,ok
1785407711016,17,ok
1785407711047,18,ok
1785407711078,16,ok
1785407711107,16,ok
1785407711136,17,ok
1785407711165,18,ok
1785407711196,16,ok
1785407711225,16,ok
1785407711255,17,ok
1785407711286,17,ok
1785407711317,17,ok
1785407711346,17,ok
1785407711376,16,ok
1785407711406,16,ok
1785407711436,17,ok
1785407711467,19,ok
1785407711500,19,ok
1785407711532,17,ok
1785407711562,17,ok
1785407711591,16,ok
1785407711621,18,ok
1785407711652,19,ok
1785407711684,18,ok
1785407711717,18,ok
1785407711748,18,ok
1785407711779,17,ok
1785407711814,17,ok
1785407711845,16,ok
1785407711875,16,ok
1785407711907,16,ok
1785407711936,17,ok
1785407711968,17,ok
1785407711998,17,ok
1785407712028,16,ok
1785407712062,18,ok
1785407712095,17,ok
1785407712124,18,ok
1785407712156,18,ok
1785407712189,18,ok
1785407712220,17,ok
1785407712250,20,ok
1785407712282,18,ok
1785407712315,18,ok
1785407712345,18,ok
1785407712380,17,ok
1785407712412,20,ok
1785407712445,19,ok
1785407712478,18,ok
1785407712509,18,ok
1785407712539,19,ok
1785407712572,19,ok
1785407712603,17,ok
1785407712633,17,ok
1785407712665,17,ok
1785407712696,16,ok
1785407712724,17,ok
1785407712754,17,ok
1785407712786,17,ok
1785407712818,18,ok
1785407712854,17,ok
1785407712885,17,ok
1785407712916,18,ok
1785407712947,18,ok
1785407712978,18,ok
1785407713010,21,ok
1785407713045,31,ok
1785407713089,18,ok
1785407713119,17,ok
1785407713148,18,ok
1785407713179,17,ok
1785407713209,19,ok
1785407713241,18,ok
1785407713275,17,ok
1785407713303,16,ok
1785407713333,17,ok
1785407713363,17,ok
1785407713395,17,ok
1785407713426,17,ok
1785407713457,17,ok
1785407713491,16,ok
1785407713520,17,ok
1785407713550,17,ok
1785407713581,17,ok
1785407713610,17,ok
1785407713641,16,ok
1785407713670,17,ok
1785407713703,16,ok
1785407713731,17,ok
1785407713762,17,ok
1785407713796,18,ok
1785407713827,19,ok
1785407713860,18,ok
1785407713893,18,ok
1785407713927,16,ok
1785407713957,16,ok
1785407713986,19,ok
1785407714018,17,ok
1785407714049,17,ok
1785407714082,18,ok
1785407714112,17,ok
1785407714142,16,ok
1785407714171,16,ok
1785407714200,16,ok
1785407714229,16,ok
1785407714261,16,ok
1785407714289,16,ok
1785407714317,17,ok
1785407714346,17,ok
1785407714377,16,ok
1785407714407,16,ok
1785407714436,17,ok
1785407714465,17,ok
1785407714496,18,ok
1785407714527,18,ok
1785407714558,18,ok
1785407714589,18,ok
1785407714621,18,ok
1785407714651,17,ok
1785407714681,18,ok
1785407714711,18,ok
1785407714742,18,ok
1785407714773,19,ok
1785407714805,18,ok
1785407714836,17,ok
1785407714866,17,ok
1785407714898,17,ok
1785407714932,16,ok
1785407714965,17,ok
1785407714996,17,ok
1785407715025,17,ok
1785407715054,17,ok
1785407715085,16,ok
1785407715116,17,ok
1785407715145,17,ok
1785407715174,18,ok
1785407715205,17,ok
1785407715235,17,ok
1785407715265,16,ok
1785407715295,16,ok
1785407715328,17,ok
1785407715359,18,ok
1785407715389,19,ok
1785407715420,18,ok
1785407715450,17,ok
1785407715482,17,ok
1785407715515,18,ok
1785407715545,17,ok
1785407715577,18,ok
1785407715607,17,ok
1785407715640,18,ok
1785407715672,17,ok
1785407715701,16,ok
1785407715730,16,ok
1785407715763,17,ok
1785407715797,17,ok
1785407715827,17,ok
1785407715856,17,ok
1785407715887,18,ok
1785407715924,18,ok
1785407715959,18,ok
1785407715990,18,ok
1785407716022,17,ok
1785407716052,18,ok
1785407716086,19,ok
1785407716118,18,ok
1785407716149,18,ok
1785407716179,20,ok
1785407716212,18,ok
1785407716243,17,ok
1785407716274,16,ok
1785407716305,18,ok
1785407716340,19,ok
1785407716373,17,ok
1785407716403,16,ok
1785407716434,17,ok
1785407716465,16,ok
1785407716497,16,ok
1785407716531,17,ok
1785407716561,17,ok
1785407716591,18,ok
1785407716623,20,ok
1785407716658,19,ok
1785407716690,17,ok
1785407716719,17,ok
1785407716749,18,ok
1785407716784,17,ok
1785407716814,17,ok
1785407716845,16,ok
1785407716877,17,ok
1785407716908,18,ok
1785407716940,19,ok
1785407716972,19,ok
1785407717004,19,ok
1785407717038,19,ok
1785407717070,18,ok
1785407717101,18,ok
1785407717133,18,ok
1785407717164,19,ok
1785407717196,18,ok
1785407717229,18,ok
1785407717263,17,ok
1785407717294,17,ok
1785407717326,18,ok
1785407717358,17,ok
1785407717387,16,ok
1785407717417,17,ok
1785407717448,16,ok
1785407717477,16,ok
1785407717507,16,ok
1785407717536,17,ok
1785407717567,17,ok
1785407717599,16,ok
1785407717627,16,ok
1785407717658,18,ok
1785407717693,18,ok
1785407717728,18,ok
1785407717759,17,ok
1785407717789,20,ok
1785407717824,19,ok
1785407717855,17,ok
1785407717885,16,ok
1785407717916,17,ok
1785407717947,17,ok
1785407717979,19,ok
1785407718010,19,ok
1785407718042,17,ok
1785407718073,17,ok
1785407718103,16,ok
1785407718134,17,ok
1785407718164,16,ok
1785407718193,17,ok
1785407718223,17,ok
1785407718254,17,ok
1785407718283,17,ok
1785407718312,17,ok
1785407718343,17,ok
1785407718374,17,ok
1785407718408,16,ok
1785407718439,17,ok
1785407718469,16,ok
1785407718503,19,ok
1785407718537,17,ok
1785407718572,17,ok
1785407718605,17,ok
1785407718636,21,ok
1785407718675,19,ok
1785407718707,17,ok
1785407718737,17,ok
1785407718768,18,ok
1785407718800,18,ok
1785407718831,18,ok
1785407718861,18,ok
1785407718894,18,ok
1785407718925,17,ok
1785407718954,17,ok
1785407718983,15,ok
1785407719011,17,ok
1785407719042,18,ok
1785407719073,16,ok
1785407719102,16,ok
1785407719132,16,ok
1785407719161,16,ok
1785407719196,17,ok
1785407719225,16,ok
1785407719255,17,ok
1785407719286,17,ok
1785407719316,17,ok
1785407719346,18,ok
1785407719381,17,ok
1785407719414,16,ok
1785407719443,18,ok
1785407719473,20,ok
1785407719509,19,ok
1785407719541,18,ok
1785407719571,18,ok
1785407719603,17,ok
1785407719633,18,ok
1785407719664,20,ok
1785407719697,18,ok
1785407719728,18,ok
1785407719758,17,ok
1785407719790,18,ok
1785407719821,18,ok
1785407719855,17,ok
1785407719885,18,ok
1785407719917,18,ok
1785407719948,16,ok
1785407719978,16,ok
1785407720006,18,ok
1785407720037,18,ok
1785407720068,17,ok
1785407720098,16,ok
1785407720128,16,ok
1785407720158,16,ok
1785407720186,16,ok
1785407720216,16,ok
1785407720244,17,ok
1785407720275,18,ok
1785407720307,19,ok
1785407720339,20,ok
1785407720371,18,ok
1785407720403,18,ok
1785407720438,18,ok
1785407720469,18,ok
1785407720502,19,ok
1785407720534,19,ok
1785407720567,18,ok
1785407720599,17,ok
1785407720628,17,ok
1785407720658,17,ok
1785407720688,17,ok
1785407720718,17,ok
1785407720748,16,ok
1785407720776,18,ok
1785407720809,18,ok
1785407720841,18,ok
1785407720871,18,ok
1785407720902,17,ok
1785407720931,17,ok
1785407720964,17,ok
1785407720995,17,ok
1785407721028,17,ok
1785407721059,18,ok
1785407721089,18,ok
1785407721121,17,ok
1785407721152,19,ok
1785407721185,20,ok
1785407721217,17,ok
1785407721248,17,ok
1785407721278,17,ok
1785407721309,18,ok
1785407721339,18,ok
1785407721370,20,ok
1785407721406,17,ok
1785407721436,18,ok
1785407721467,18,ok
1785407721498,19,ok
1785407721531,17,ok
1785407721561,17,ok
1785407721591,18,ok
1785407721622,18,ok
1785407721653,16,ok
1785407721682,18,ok
1785407721714,18,ok
1785407721745,31,ok
1785407721788,17,ok
1785407721818,18,ok
1785407721849,20,ok
1785407721884,18,ok
1785407721916,18,ok
1785407721951,18,ok
1785407721982,18,ok
1785407722015,20,ok
1785407722048,37,ok
1785407722098,18,ok
1785407722130,18,ok
1785407722161,18,ok
1785407722191,19,ok
1785407722223,18,ok
1785407722254,19,ok
1785407722287,17,ok
1785407722318,17,ok
1785407722349,18,ok
1785407722380,25,ok
1785407722418,17,ok
1785407722447,18,ok
1785407722479,17,ok
1785407722511,17,ok
1785407722542,18,ok
1785407722574,51,ok
1785407722638,19,ok
1785407722670,18,ok
1785407722702,18,ok
1785407722733,17,ok
1785407722764,16,ok
1785407722794,16,ok
1785407722822,20,ok
1785407722856,16,ok
1785407722888,17,ok
1785407722918,19,ok
1785407722951,19,ok
1785407722984,18,ok
1785407723016,18,ok
1785407723047,19,ok
1785407723079,26,ok
1785407723119,19,ok
1785407723152,19,ok
1785407723184,18,ok
1785407723216,17,ok
1785407723247,18,ok
1785407723278,18,ok
1785407723310,17,ok
1785407723340,17,ok
1785407723371,17,ok
1785407723400,17,ok
1785407723431,17,ok
1785407723460,16,ok
1785407723492,18,ok
1785407723522,17,ok
1785407723554,26,ok
1785407723596,19,ok
1785407723628,18,ok
1785407723659,17,ok
1785407723689,17,ok
1785407723719,17,ok
1785407723750,18,ok
1785407723784,26,ok
1785407723828,23,ok
1785407723864,18,ok
1785407723895,17,ok
1785407723925,18,ok
1785407723957,18,ok
1785407723988,18,ok
1785407724020,18,ok
1785407724052,18,ok
1785407724084,18,ok
1785407724116,17,ok
1785407724146,16,ok
1785407724175,16,ok
1785407724204,16,ok
1785407724232,17,ok
1785407724261,16,ok
1785407724290,18,ok
1785407724321,17,ok
1785407724353,17,ok
1785407724386,18,ok
1785407724418,17,ok
1785407724449,17,ok
1785407724480,16,ok
1785407724513,16,ok
1785407724548,17,ok
1785407724578,19,ok
1785407724609,18,ok
1785407724641,19,ok
1785407724674,17,ok
1785407724705,21,ok
1785407724738,20,ok
1785407724772,18,ok
1785407724803,17,ok
1785407724837,17,ok
1785407724867,17,ok
1785407724897,19,ok
1785407724930,18,ok
1785407724962,18,ok
1785407724993,16,ok
1785407725026,18,ok
1785407725056,18,ok
1785407725091,16,ok
1785407725122,17,ok
1785407725155,17,ok
1785407725186,17,ok
1785407725219,17,ok
1785407725249,16,ok
1785407725277,16,ok
1785407725306,16,ok
1785407725335,16,ok
1785407725365,16,ok
1785407725394,17,ok
1785407725425,17,ok
1785407725456,16,ok
1785407725487,16,ok
1785407725516,17,ok
1785407725546,18,ok
1785407725577,18,ok
1785407725608,20,ok
1785407725640,18,ok
1785407725671,17,ok
1785407725702,17,ok
1785407725732,16,ok
1785407725762,18,ok
1785407725793,19,ok
1785407725826,18,ok
1785407725858,18,ok
1785407725888,17,ok
1785407725917,16,ok
1785407725946,17,ok
1785407725976,17,ok
1785407726006,16,ok
1785407726036,16,ok
1785407726067,17,ok
1785407726096,17,ok
1785407726126,16,ok
1785407726155,17,ok
1785407726185,18,ok
1785407726216,18,ok
1785407726249,18,ok
1785407726281,17,ok
1785407726313,17,ok
1785407726345,18,ok
1785407726376,17,ok
1785407726407,17,ok
1785407726437,17,ok
1785407726468,16,ok
1785407726497,19,ok
1785407726529,20,ok
1785407726562,19,ok
1785407726594,18,ok
1785407726625,18,ok
1785407726657,18,ok
1785407726688,21,ok
1785407726724,18,ok
1785407726754,17,ok
1785407726785,17,ok
1785407726816,18,ok
1785407726849,19,ok
1785407726880,18,ok
1785407726912,18,ok
1785407726944,18,ok
1785407726976,18,ok
1785407727007,18,ok
1785407727040,17,ok
1785407727073,18,ok
1785407727104,17,ok
1785407727133,16,ok
1785407727162,16,ok
1785407727192,17,ok
1785407727223,18,ok
1785407727255,17,ok
1785407727284,18,ok
1785407727315,18,ok
1785407727347,17,ok
1785407727377,17,ok
1785407727409,19,ok
1785407727441,18,ok
1785407727478,17,ok
1785407727509,17,ok
1785407727540,17,ok
1785407727569,19,ok
1785407727600,20,ok
1785407727634,18,ok
1785407727668,17,ok
1785407727698,17,ok
1785407727729,18,ok
1785407727762,17,ok
1785407727796,18,ok
1785407727827,18,ok
1785407727858,18,ok
1785407727889,17,ok
1785407727920,16,ok
1785407727950,16,ok
1785407727980,17,ok
1785407728010,17,ok
1785407728044,17,ok
1785407728075,18,ok
1785407728105,17,ok
1785407728139,16,ok
1785407728170,16,ok
1785407728200,16,ok
1785407728229,16,ok
1785407728258,17,ok
1785407728287,17,ok
1785407728318,21,ok
1785407728353,25,ok
1785407728392,17,ok
1785407728424,17,ok
1785407728456,17,ok
1785407728490,17,ok
1785407728520,19,ok
1785407728552,18,ok
1785407728583,18,ok
1785407728615,17,ok
1785407728646,18,ok
1785407728678,17,ok
1785407728710,16,ok
1785407728739,18,ok
1785407728771,19,ok
1785407728804,17,ok
1785407728832,18,ok
1785407728863,18,ok
1785407728894,17,ok
1785407728924,16,ok
1785407728955,17,ok
1785407728986,16,ok
1785407729016,18,ok
1785407729048,17,ok
1785407729079,17,ok
1785407729108,17,ok
1785407729137,17,ok
1785407729168,18,ok
1785407729200,18,ok
1785407729232,21,ok
1785407729266,20,ok
1785407729299,18,ok
1785407729330,18,ok
1785407729362,17,ok
1785407729393,17,ok
1785407729425,19,ok
1785407729457,18,ok
1785407729487,16,ok
1785407729517,17,ok
1785407729549,17,ok
1785407729580,18,ok
1785407729611,18,ok
1785407729642,18,ok
1785407729673,18,ok
1785407729703,17,ok
1785407729734,17,ok
1785407729769,17,ok
1785407729800,17,ok
1785407729831,16,ok
1785407729860,17,ok
1785407729890,17,ok
1785407729920,18,ok
1785407729951,18,ok
1785407729982,17,ok
1785407730013,18,ok
1785407730044,17,ok
1785407730075,19,ok
1785407730109,18,ok
1785407730139,18,ok
1785407730171,20,ok
1785407730203,19,ok
1785407730238,17,ok
1785407730268,16,ok
1785407730298,16,ok
1785407730328,19,ok
1785407730360,18,ok
1785407730391,17,ok
1785407730421,18,ok
1785407730452,18,ok
1785407730484,18,ok
1785407730515,20,ok
1785407730549,17,ok
1785407730580,18,ok
1785407730610,18,ok
1785407730642,18,ok
1785407730674,17,ok
1785407730706,16,ok
1785407730737,16,ok
1785407730770,17,ok
1785407730802,17,ok
1785407730834,16,ok
1785407730863,16,ok
1785407730893,17,ok
1785407730924,16,ok
1785407730953,16,ok
1785407730985,16,ok
1785407731013,16,ok
1785407731045,16,ok
1785407731073,16,ok
1785407731102,21,ok
1785407731136,19,ok
1785407731168,17,ok
1785407731197,16,ok
1785407731230,19,ok
1785407731263,17,ok
1785407731294,18,ok
1785407731326,18,ok
1785407731357,17,ok
1785407731392,16,ok
1785407731422,17,ok
1785407731452,17,ok
1785407731485,18,ok
1785407731518,18,ok
1785407731550,18,ok
1785407731585,17,ok
1785407731615,18,ok
1785407731646,17,ok
1785407731676,17,ok
1785407731706,17,ok
1785407731736,16,ok
1785407731766,17,ok
1785407731797,18,ok
1785407731829,17,ok
1785407731859,16,ok
1785407731889,17,ok
1785407731924,16,ok
1785407731953,17,ok
1785407731988,18,ok
1785407732019,17,ok
1785407732049,20,ok
1785407732083,18,ok
1785407732113,17,ok
1785407732143,19,ok
1785407732176,17,ok
1785407732206,19,ok
1785407732239,19,ok
1785407732271,17,ok
1785407732300,16,ok
1785407732332,17,ok
1785407732364,17,ok
1785407732395,16,ok
1785407732424,16,ok
1785407732455,16,ok
1785407732486,17,ok
1785407732517,17,ok
1785407732547,18,ok
1785407732577,17,ok
1785407732610,18,ok
1785407732646,18,ok
1785407732677,17,ok
1785407732711,16,ok
1785407732741,16,ok
1785407732771,17,ok
1785407732800,17,ok
1785407732831,17,ok
1785407732861,18,ok
1785407732891,21,ok
1785407732925,18,ok
1785407732956,19,ok
1785407732988,19,ok
1785407733020,22,ok
1785407733056,19,ok
1785407733090,17,ok
1785407733122,16,ok
1785407733154,16,ok
1785407733183,19,ok
1785407733214,18,ok
1785407733247,16,ok
1785407733276,17,ok
1785407733306,17,ok
1785407733335,17,ok
1785407733367,17,ok
1785407733397,18,ok
1785407733429,17,ok
1785407733461,19,ok
1785407733493,17,ok
1785407733525,17,ok
1785407733556,17,ok
1785407733587,18,ok
1785407733618,17,ok
1785407733649,17,ok
1785407733681,17,ok
1785407733713,16,ok
1785407733743,16,ok
1785407733772,18,ok
1785407733803,17,ok
1785407733833,17,ok
1785407733864,18,ok
1785407733899,20,ok
1785407733937,19,ok
1785407733968,21,ok
1785407734003,20,ok
1785407734037,18,ok
1785407734067,17,ok
1785407734098,16,ok
1785407734130,18,ok
1785407734163,19,ok
1785407734194,17,ok
1785407734226,17,ok
1785407734257,18,ok
1785407734291,17,ok
1785407734320,16,ok
1785407734352,17,ok
1785407734382,18,ok
1785407734412,16,ok
1785407734442,17,ok
1785407734472,17,ok
1785407734502,17,ok
1785407734531,16,ok
1785407734563,16,ok
1785407734592,16,ok
1785407734622,18,ok
1785407734656,18,ok
1785407734687,18,ok
1785407734717,19,ok
1785407734748,17,ok
1785407734778,17,ok
1785407734808,17,ok
1785407734837,16,ok
1785407734866,16,ok
1785407734898,17,ok
1785407734929,21,ok
1785407734963,18,ok
1785407734995,17,ok
1785407735025,17,ok
1785407735055,17,ok
1785407735087,17,ok
1785407735119,19,ok
1785407735149,18,ok
1785407735181,17,ok
1785407735211,17,ok
1785407735241,17,ok
1785407735273,17,ok
1785407735303,16,ok
1785407735333,16,ok
1785407735363,17,ok
1785407735397,18,ok
1785407735427,16,ok
1785407735459,16,ok
1785407735491,17,ok
1785407735524,18,ok
1785407735555,16,ok
1785407735585,17,ok
1785407735616,19,ok
1785407735650,17,ok
1785407735680,18,ok
1785407735713,18,ok
1785407735746,17,ok
1785407735775,18,ok
1785407735807,19,ok
1785407735839,17,ok
1785407735868,17,ok
1785407735899,20,ok
1785407735932,22,ok
1785407735967,18,ok
1785407735998,18,ok
1785407736029,19,ok
1785407736060,17,ok
1785407736092,18,ok
1785407736124,18,ok
1785407736155,18,ok
1785407736187,18,ok
1785407736218,17,ok
1785407736248,18,ok
1785407736279,18,ok
1785407736310,18,ok
1785407736342,17,ok
1785407736375,18,ok
1785407736406,16,ok
1785407736435,16,ok
1785407736463,18,ok
1785407736494,17,ok
1785407736522,17,ok
1785407736555,16,ok
1785407736585,19,ok
1785407736617,19,ok
1785407736649,18,ok
1785407736684,18,ok
1785407736719,16,ok
1785407736750,18,ok
1785407736781,18,ok
1785407736813,18,ok
1785407736845,17,ok
1785407736881,17,ok
1785407736910,21,ok
1785407736944,19,ok
1785407736977,17,ok
1785407737007,17,ok
1785407737039,17,ok
1785407737071,18,ok
1785407737102,19,ok
1785407737132,17,ok
1785407737163,17,ok
1785407737195,17,ok
1785407737225,17,ok
1785407737256,17,ok
1785407737286,17,ok
1785407737316,17,ok
1785407737347,16,ok
1785407737378,17,ok
1785407737410,17,ok
1785407737440,16,ok
1785407737471,16,ok
1785407737501,17,ok
1785407737529,18,ok
1785407737561,17,ok
1785407737595,18,ok
1785407737627,18,ok
1785407737658,17,ok
1785407737687,16,ok
1785407737721,18,ok
1785407737754,18,ok
1785407737785,17,ok
1785407737814,18,ok
1785407737846,18,ok
1785407737877,18,ok
1785407737911,21,ok
1785407737946,18,ok
1785407737977,17,ok
1785407738008,17,ok
1785407738038,16,ok
1785407738069,18,ok
1785407738100,18,ok
1785407738131,17,ok
1785407738162,18,ok
1785407738195,17,ok
1785407738226,17,ok
1785407738257,16,ok
1785407738286,16,ok
1785407738316,16,ok
1785407738346,16,ok
1785407738374,16,ok
1785407738408,16,ok
1785407738437,17,ok
1785407738466,16,ok
1785407738495,18,ok
1785407738525,17,ok
1785407738555,17,ok
1785407738588,16,ok
1785407738617,17,ok
1785407738650,18,ok
1785407738682,17,ok
1785407738713,17,ok
1785407738746,17,ok
1785407738775,17,ok
1785407738809,16,ok
1785407738842,19,ok
1785407738878,19,ok
1785407738913,20,ok
1785407738944,18,ok
1785407738975,18,ok
1785407739006,19,ok
1785407739037,18,ok
1785407739070,19,ok
1785407739102,18,ok
1785407739132,17,ok
1785407739166,19,ok
1785407739198,19,ok
1785407739233,18,ok
1785407739263,17,ok
1785407739295,17,ok
1785407739325,16,ok
1785407739354,16,ok
1785407739383,17,ok
1785407739413,17,ok
1785407739445,17,ok
1785407739476,17,ok
1785407739511,18,ok
1785407739543,18,ok
1785407739575,17,ok
1785407739607,18,ok
1785407739638,17,ok
1785407739672,17,ok
1785407739702,17,ok
1785407739732,18,ok
1785407739761,18,ok
1785407739792,17,ok
1785407739821,16,ok
1785407739850,17,ok
1785407739880,17,ok
1785407739911,19,ok
1785407739941,19,ok
1785407739973,18,ok
1785407740003,19,ok
1785407740035,18,ok
1785407740066,17,ok
1785407740095,18,ok
1785407740126,18,ok
1785407740158,18,ok
1785407740188,18,ok
1785407740219,16,ok
1785407740249,16,ok
1785407740281,16,ok
1785407740310,16,ok
1785407740341,16,ok
1785407740370,16,ok
1785407740399,16,ok
1785407740429,16,ok
1785407740458,17,ok
1785407740493,18,ok
1785407740525,21,ok
1785407740558,16,ok
1785407740587,16,ok
1785407740620,18,ok
1785407740652,18,ok
1785407740685,18,ok
1785407740715,17,ok
1785407740748,16,ok
1785407740777,17,ok
1785407740809,16,ok
1785407740839,17,ok
1785407740871,17,ok
1785407740901,18,ok
1785407740932,19,ok
1785407740964,21,ok
1785407740997,17,ok
1785407741029,17,ok
1785407741060,18,ok
1785407741094,18,ok
1785407741125,19,ok
1785407741159,18,ok
1785407741190,18,ok
1785407741221,17,ok
1785407741251,16,ok
1785407741283,17,ok
1785407741313,17,ok
1785407741345,16,ok
1785407741377,16,ok
1785407741405,16,ok
1785407741435,17,ok
1785407741464,17,ok
1785407741496,17,ok
1785407741526,16,ok
1785407741556,17,ok
1785407741588,16,ok
1785407741618,18,ok
1785407741650,17,ok
1785407741681,17,ok
1785407741713,16,ok
1785407741744,17,ok
1785407741774,17,ok
1785407741805,16,ok
1785407741833,16,ok
1785407741866,17,ok
1785407741896,17,ok
1785407741927,18,ok
1785407741957,21,ok
1785407741992,19,ok
1785407742024,19,ok
1785407742056,18,ok
1785407742088,18,ok
1785407742119,17,ok
1785407742148,19,ok
1785407742182,18,ok
1785407742215,17,ok
1785407742245,16,ok
1785407742273,16,ok
1785407742305,18,ok
1785407742336,18,ok
1785407742368,17,ok
1785407742398,17,ok
1785407742427,16,ok
1785407742457,16,ok
1785407742487,16,ok
1785407742516,16,ok
1785407742547,18,ok
1785407742577,17,ok
1785407742607,17,ok
1785407742640,18,ok
1785407742671,17,ok
1785407742702,16,ok
1785407742735,16,ok
1785407742766,18,ok
1785407742796,16,ok
1785407742828,16,ok
1785407742861,17,ok
1785407742893,18,ok
1785407742925,16,ok
1785407742954,18,ok
1785407742985,19,ok
1785407743018,18,ok
1785407743048,18,ok
1785407743081,18,ok
1785407743112,17,ok
1785407743143,16,ok
1785407743173,18,ok
1785407743203,18,ok
1785407743235,17,ok
1785407743265,17,ok
1785407743298,17,ok
1785407743328,18,ok
1785407743362,17,ok
1785407743392,16,ok
1785407743421,16,ok
1785407743452,17,ok
1785407743482,16,ok
1785407743515,17,ok
1785407743545,16,ok
1785407743577,16,ok
1785407743606,17,ok
1785407743638,18,ok
1785407743669,17,ok
1785407743702,16,ok
1785407743730,17,ok
1785407743759,18,ok
1785407743791,18,ok
1785407743822,17,ok
1785407743851,16,ok
1785407743881,17,ok
1785407743913,16,ok
1785407743948,16,ok
1785407743976,17,ok
1785407744008,17,ok
1785407744042,20,ok
1785407744078,20,ok
1785407744112,18,ok
1785407744144,17,ok
1785407744174,17,ok
1785407744203,19,ok
1785407744235,19,ok
1785407744266,18,ok
1785407744297,18,ok
1785407744329,18,ok
1785407744359,17,ok
1785407744390,17,ok
1785407744420,16,ok
1785407744450,17,ok
1785407744482,16,ok
1785407744511,16,ok
1785407744543,16,ok
1785407744573,17,ok
1785407744604,17,ok
1785407744634,18,ok
1785407744666,18,ok
1785407744697,17,ok
1785407744727,16,ok
1785407744756,17,ok
1785407744785,18,ok
1785407744816,17,ok
1785407744846,16,ok
1785407744876,18,ok
1785407744908,17,ok
1785407744938,17,ok
1785407744970,16,ok
1785407744999,17,ok
1785407745029,17,ok
1785407745060,19,ok
1785407745094,21,ok
1785407745128,19,ok
1785407745160,17,ok
1785407745189,17,ok
1785407745221,17,ok
1785407745251,17,ok
1785407745281,18,ok
1785407745315,18,ok
1785407745346,18,ok
1785407745379,18,ok
1785407745412,17,ok
1785407745443,17,ok
1785407745472,17,ok
1785407745501,16,ok
1785407745531,16,ok
1785407745560,17,ok
1785407745593,17,ok
1785407745623,18,ok
1785407745654,17,ok
1785407745687,16,ok
1785407745716,16,ok
1785407745746,16,ok
1785407745774,16,ok
1785407745804,17,ok
1785407745834,16,ok
1785407745863,16,ok
1785407745890,16,ok
1785407745920,17,ok
1785407745950,17,ok
1785407745983,16,ok
1785407746014,16,ok
1785407746043,17,ok
1785407746073,16,ok
1785407746102,17,ok
1785407746132,19,ok
1785407746165,19,ok
1785407746197,17,ok
1785407746229,18,ok
1785407746260,17,ok
1785407746290,17,ok
1785407746320,18,ok
1785407746351,18,ok
1785407746382,17,ok
1785407746412,19,ok
1785407746445,17,ok
1785407746475,17,ok
1785407746508,16,ok
1785407746536,16,ok
1785407746567,16,ok
1785407746596,17,ok
1785407746625,17,ok
1785407746657,18,ok
1785407746688,17,ok
1785407746720,16,ok
1785407746750,16,ok
1785407746779,16,ok
1785407746808,16,ok
1785407746837,16,ok
1785407746867,18,ok
1785407746898,17,ok
1785407746928,17,ok
1785407746958,17,ok
1785407746987,17,ok
1785407747017,18,ok
1785407747050,17,ok
1785407747079,16,ok
1785407747109,17,ok
1785407747142,17,ok
1785407747178,18,ok
1785407747213,21,ok
1785407747248,17,ok
1785407747278,18,ok
1785407747310,19,ok
1785407747342,19,ok
1785407747374,19,ok
1785407747407,20,ok
1785407747440,18,ok
1785407747471,18,ok
1785407747501,17,ok
1785407747537,19,ok
1785407747569,19,ok
1785407747601,17,ok
1785407747631,20,ok
1785407747664,19,ok
1785407747695,19,ok
1785407747726,19,ok
1785407747761,18,ok
1785407747793,19,ok
1785407747824,18,ok
1785407747857,18,ok
1785407747891,18,ok
1785407747921,17,ok
1785407747950,18,ok
1785407747981,17,ok
1785407748012,19,ok
1785407748043,21,ok
1785407748078,18,ok
1785407748110,18,ok
1785407748141,19,ok
1785407748173,17,ok
1785407748205,18,ok
1785407748237,21,ok
1785407748270,17,ok
1785407748302,17,ok
1785407748332,17,ok
1785407748363,17,ok
1785407748392,17,ok
1785407748424,17,ok
1785407748456,18,ok
1785407748487,17,ok
1785407748518,17,ok
1785407748548,17,ok
1785407748583,17,ok
1785407748613,19,ok
1785407748645,24,ok
1785407748682,18,ok
1785407748714,18,ok
1785407748744,17,ok
1785407748773,18,ok
1785407748805,20,ok
1785407748837,18,ok
1785407748868,18,ok
1785407748897,17,ok
1785407748928,17,ok
1785407748962,16,ok
1785407748993,17,ok
1785407749023,18,ok
1785407749057,18,ok
1785407749088,17,ok
1785407749117,17,ok
1785407749147,16,ok
1785407749177,16,ok
1785407749208,54,ok
1785407749277,20,ok
1785407749309,17,ok
1785407749339,16,ok
1785407749368,17,ok
1785407749398,17,ok
1785407749427,19,ok
1785407749459,18,ok
1785407749490,18,ok
1785407749522,17,ok
1785407749554,17,ok
1785407749586,18,ok
1785407749617,18,ok
1785407749647,18,ok
1785407749679,17,ok
1785407749709,18,ok
1785407749742,18,ok
1785407749773,17,ok
1785407749804,18,ok
1785407749834,19,ok
1785407749866,20,ok
1785407749901,18,ok
1785407749936,18,ok
1785407749971,18,ok
1785407750002,16,ok
1785407750032,19,ok
1785407750064,18,ok
1785407750094,18,ok
1785407750127,17,ok
1785407750156,17,ok
1785407750187,17,ok
1785407750217,16,ok
1785407750247,17,ok
1785407750280,17,ok
1785407750310,17,ok
1785407750339,17,ok
1785407750369,16,ok
1785407750398,16,ok
1785407750427,16,ok
1785407750456,17,ok
1785407750485,18,ok
1785407750520,20,ok
1785407750554,18,ok
1785407750587,18,ok
1785407750618,17,ok
1785407750649,19,ok
1785407750682,20,ok
1785407750715,18,ok
1785407750747,18,ok
1785407750779,17,ok
1785407750809,18,ok
1785407750843,17,ok
1785407750873,17,ok
1785407750905,18,ok
1785407750937,17,ok
1785407750967,17,ok
1785407750999,16,ok
1785407751028,18,ok
1785407751058,18,ok
1785407751091,17,ok
1785407751121,22,ok
1785407751156,21,ok
1785407751189,18,ok
1785407751219,18,ok
1785407751250,18,ok
1785407751281,19,ok
1785407751313,18,ok
1785407751345,17,ok
1785407751375,18,ok
1785407751404,18,ok
1785407751437,17,ok
1785407751467,17,ok
1785407751498,17,ok
1785407751528,16,ok
1785407751558,17,ok
1785407751587,17,ok
1785407751618,18,ok
1785407751652,17,ok
1785407751685,18,ok
1785407751715,18,ok
1785407751747,19,ok
1785407751778,21,ok
1785407751813,18,ok
1785407751844,18,ok
1785407751879,16,ok
1785407751909,17,ok
1785407751941,19,ok
1785407751973,18,ok
1785407752003,17,ok
1785407752034,17,ok
1785407752065,16,ok
1785407752095,17,ok
1785407752128,16,ok
1785407752157,17,ok
1785407752186,17,ok
1785407752219,17,ok
1785407752249,16,ok
1785407752278,17,ok
1785407752309,17,ok
1785407752338,17,ok
1785407752372,18,ok
1785407752405,20,ok
1785407752438,18,ok
1785407752468,17,ok
1785407752498,17,ok
1785407752527,17,ok
1785407752555,18,ok
1785407752587,19,ok
1785407752617,17,ok
1785407752648,18,ok
1785407752683,17,ok
1785407752713,17,ok
1785407752748,17,ok
1785407752778,18,ok
1785407752809,19,ok
1785407752843,18,ok
1785407752873,17,ok
1785407752904,16,ok
1785407752932,16,ok
1785407752963,18,ok
1785407752997,17,ok
1785407753027,17,ok
1785407753059,22,ok
1785407753096,19,ok
1785407753128,17,ok
1785407753157,16,ok
1785407753186,16,ok
1785407753215,17,ok
1785407753245,17,ok
1785407753274,16,ok
1785407753303,16,ok
1785407753335,16,ok
1785407753365,17,ok
1785407753396,17,ok
1785407753426,18,ok
1785407753459,17,ok
1785407753489,17,ok
1785407753519,17,ok
1785407753550,16,ok
1785407753582,16,ok
1785407753615,16,ok
1785407753646,18,ok
1785407753681,17,ok
1785407753712,18,ok
1785407753745,20,ok
1785407753777,17,ok
1785407753812,18,ok
1785407753844,18,ok
1785407753874,18,ok
1785407753904,19,ok
1785407753936,17,ok
1785407753968,17,ok
1785407753998,17,ok
1785407754028,16,ok
1785407754057,17,ok
1785407754086,16,ok
1785407754117,16,ok
1785407754148,19,ok
1785407754179,18,ok
1785407754211,18,ok
1785407754244,16,ok
1785407754274,16,ok
1785407754304,16,ok
1785407754335,16,ok
1785407754364,16,ok
1785407754392,18,ok
1785407754423,17,ok
1785407754452,17,ok
1785407754482,18,ok
1785407754514,17,ok
1785407754543,17,ok
1785407754575,17,ok
1785407754605,16,ok
1785407754634,17,ok
1785407754668,18,ok
1785407754699,19,ok
1785407754730,18,ok
1785407754761,17,ok
1785407754789,17,ok
1785407754819,17,ok
1785407754849,19,ok
1785407754881,19,ok
1785407754914,17,ok
1785407754944,18,ok
1785407754975,19,ok
1785407755007,18,ok
1785407755039,18,ok
1785407755071,18,ok
1785407755102,19,ok
1785407755135,17,ok
1785407755167,19,ok
1785407755199,23,ok
1785407755237,19,ok
1785407755269,18,ok
1785407755299,18,ok
1785407755332,17,ok
1785407755363,16,ok
1785407755393,16,ok
1785407755422,18,ok
1785407755453,17,ok
1785407755483,16,ok
1785407755512,16,ok
1785407755543,17,ok
1785407755575,17,ok
1785407755604,17,ok
1785407755633,19,ok
1785407755665,18,ok
1785407755696,18,ok
1785407755729,16,ok
1785407755758,17,ok
1785407755787,16,ok
1785407755816,16,ok
1785407755846,17,ok
1785407755878,20,ok
1785407755911,18,ok
1785407755944,18,ok
1785407755975,18,ok
1785407756010,19,ok
1785407756044,17,ok
1785407756077,19,ok
1785407756109,18,ok
1785407756140,16,ok
1785407756168,16,ok
1785407756197,17,ok
1785407756226,17,ok
1785407756257,16,ok
1785407756286,17,ok
1785407756320,18,ok
1785407756351,16,ok
1785407756383,16,ok
1785407756414,16,ok
1785407756443,18,ok
1785407756475,17,ok
1785407756509,18,ok
1785407756540,18,ok
1785407756571,17,ok
1785407756602,16,ok
1785407756631,17,ok
1785407756661,19,ok
1785407756692,18,ok
1785407756724,17,ok
1785407756756,17,ok
1785407756787,17,ok
1785407756816,16,ok
1785407756845,16,ok
1785407756873,18,ok
1785407756904,19,ok
1785407756938,17,ok
1785407756970,17,ok
1785407756999,17,ok
1785407757029,17,ok
1785407757061,17,ok
1785407757091,19,ok
1785407757121,18,ok
1785407757157,17,ok
1785407757188,19,ok
1785407757218,18,ok
1785407757249,18,ok
1785407757279,16,ok
1785407757312,18,ok
1785407757343,19,ok
